Snake,Pikachu,Mutual Agreement,Battlefield,,,,,,,,Kalos Pokémon League,Snake,Pikachu,Yes,Smashville,Town And City,Lylat Cruise,Snake,Pikachu
Mario,Lucina,Mutual Agreement,Battlefield,,,,,,,,Smashville,Mario,Lucina,Yes,,,Smashville,Mario,Lucina
Incineroar,Olimar,Mutual Agreement,Battlefield,,,,,,Final Destination,Lylat Cruise,Battlefield,Incineroar,Olimar,No,,,,,
Pokemon Trainer,Ganondorf,Mutual Agreement,Battlefield,,,,,,Lylat Cruise,Yoshi's Island (Brawl),Battlefield,Pokemon Trainer,Ganondorf,No,,,,,
Ganondorf,Greninja,Mutual Agreement,Battlefield,,,,,,Lylat Cruise,Yoshi's Story,Battlefield,Ganondorf,Greninja,No,,,,,
R.O.B.,Cloud,Mutual Agreement,Battlefield,,,,,,Smashville,Yoshi's Island (Brawl),Battlefield,R.O.B.,Chrom,No,,,,,
Mii Brawler,Marth,Mutual Agreement,Battlefield,,,,,,,,Battlefield,Mii Brawler,Marth,No,,,,,
Mii Brawler,R.O.B.,Mutual Agreement,Battlefield,,,,,,,,Battlefield,Cloud,R.O.B.,No,,,,,
Wolf,Dr. Mario,Mutual Agreement,Battlefield,,,,,,Final Destination,Town And City,Kalos Pokémon League,Wolf,Dr. Mario,No,,,,,
Falco,Ike,Mutual Agreement,Battlefield,,,,,,Lylat Cruise,Yoshi's Island (Brawl),Kalos Pokémon League,Falco,Ike,No,,,,,
Zelda,Wolf,Mutual Agreement,Battlefield,,,,,,,,Lylat Cruise,Zelda,Wolf,No,,,,,
Dr. Mario,Link,Mutual Agreement,Battlefield,,,,,,Final Destination,Kalos Pokémon League,Pokémon Stadium 2,Dr. Mario,Link,No,,,,,
Mewtwo,Pokemon Trainer,Mutual Agreement,Battlefield,,,,,,,,Smashville,Mewtwo,Pokemon Trainer,No,,,,,
Greninja,Ganondorf,Mutual Agreement,Battlefield,,,,,,Final Destination,Yoshi's Story,,Greninja,Wolf,No,,,,,
Donkey Kong,Ganondorf,Mutual Agreement,Battlefield,,,,,,,,,Donkey Kong,Dark Samus,No,,,,,
Wolf,Mega Man,Mutual Agreement,Battlefield,,,,,,Final Destination,Kalos Pokémon League,Yoshi's Story,Wolf,Mega Man,Yes,Smashville,Lylat Cruise,,Wolf,Mega Man
Richter,Samus,Mutual Agreement,Final Destination,,,,,,,,Lylat Cruise,Cloud,Samus,Yes,,,Town And City,Cloud,Samus
Bowser,Daisy,Mutual Agreement,Final Destination,,,,,,Lylat Cruise,Yoshi's Story,Battlefield,Bowser,Daisy,No,,,,,
Diddy Kong,Donkey Kong,Mutual Agreement,Final Destination,,,,,,Lylat Cruise,Yoshi's Story,Battlefield,Diddy Kong,Lucina,No,,,,,
Dark Pit,Donkey Kong,Mutual Agreement,Final Destination,,,,,,Town And City,Kalos Pokémon League,Yoshi's Island (Brawl),Dark Pit,Donkey Kong,No,,,,,
Jigglypuff,Zelda,Mutual Agreement,Final Destination,,,,,,,,Yoshi's Island (Brawl),Jigglypuff,Zelda,No,,,,,
Wolf,Inkling,Mutual Agreement,Pokémon Stadium 2,,,,,,Yoshi's Island (Brawl),Yoshi's Story,Battlefield,Wolf,Inkling,Yes,Lylat Cruise,Kalos Pokémon League,Battlefield,Wolf,Inkling
Pichu,Bowser,Mutual Agreement,Pokémon Stadium 2,,,,,,Pokémon Stadium 2,Battlefield,Final Destination,Pichu,Bowser,Yes,,,Battlefield,Pichu,Bowser
Samus,King K. Rool,Mutual Agreement,Pokémon Stadium 2,,,,,,Smashville,Yoshi's Island (Brawl),Final Destination,Samus,King K. Rool,Yes,,,Battlefield,Samus,King K. Rool
Incineroar,Pokemon Trainer,Mutual Agreement,Pokémon Stadium 2,,,,,,Final Destination,Town And City,Kalos Pokémon League,Incineroar,Pokemon Trainer,Yes,Smashville,Yoshi's Story,Battlefield,Incineroar,Pokemon Trainer
Snake,Palutena,Mutual Agreement,Pokémon Stadium 2,,,,,,Town And City,Kalos Pokémon League,Lylat Cruise,Snake,Palutena,Yes,Yoshi's Island (Brawl),Yoshi's Story,Battlefield,Snake,Pokemon Trainer
R.O.B.,Lucina,Mutual Agreement,Pokémon Stadium 2,,,,,,Final Destination,Kalos Pokémon League,Smashville,R.O.B.,Lucina,Yes,Lylat Cruise,Yoshi's Island (Brawl),Battlefield,R.O.B.,Lucina
Cloud,Samus,Mutual Agreement,Pokémon Stadium 2,,,,,,Smashville,Final Destination,,Sheik,Cloud,Yes,Lylat Cruise,Yoshi's Island (Brawl),Battlefield,Sheik,Cloud
Sonic,Young Link,Mutual Agreement,Pokémon Stadium 2,,,,,,Smashville,Yoshi's Island (Brawl),Pokémon Stadium 2,Sonic,Young Link,Yes,Yoshi's Island (Brawl),Kalos Pokémon League,Final Destination,Sonic,Young Link
Peach,King Dedede,Mutual Agreement,Pokémon Stadium 2,,,,,,Yoshi's Island (Brawl),Yoshi's Story,Town And City,Peach,King Dedede,Yes,Lylat Cruise,Kalos Pokémon League,Final Destination,Peach,R.O.B.
Pichu,Jigglypuff,Mutual Agreement,Pokémon Stadium 2,,,,,,Smashville,Yoshi's Island (Brawl),Final Destination,Pichu,Jigglypuff,Yes,Yoshi's Island (Brawl),Yoshi's Story,Kalos Pokémon League,Pichu,Jigglypuff
Lucina,Pikachu,Mutual Agreement,Pokémon Stadium 2,,,,,,Battlefield,Yoshi's Story,Town And City,Fox,Pikachu,Yes,Final Destination,Lylat Cruise,Kalos Pokémon League,Fox,Robin
Bowser,Young Link,Mutual Agreement,Pokémon Stadium 2,,,,,,,,Town And City,Bowser Jr.,Young Link,Yes,,,Kalos Pokémon League,Bowser Jr.,Young Link
Wolf,Ganondorf,Mutual Agreement,Pokémon Stadium 2,,,,,,Yoshi's Island (Brawl),Yoshi's Story,Battlefield,Wolf,Ganondorf,Yes,Final Destination,Kalos Pokémon League,Lylat Cruise,Bayonetta,Incineroar
Lucina,R.O.B.,Mutual Agreement,Pokémon Stadium 2,,,,,,Kalos Pokémon League,Yoshi's Story,Final Destination,Lucina,R.O.B.,Yes,Smashville,Battlefield,Lylat Cruise,Lucina,R.O.B.
Bowser,Palutena,Mutual Agreement,Pokémon Stadium 2,,,,,,Final Destination,Kalos Pokémon League,Pokémon Stadium 2,Bowser,Palutena,Yes,Final Destination,Yoshi's Island (Brawl),Lylat Cruise,Bowser,Palutena
Ridley,Bowser,Mutual Agreement,Pokémon Stadium 2,,,,,,Yoshi's Island (Brawl),Yoshi's Story,Battlefield,Ridley,Bowser,Yes,Final Destination,Kalos Pokémon League,Pokémon Stadium 2,Ridley,Bowser
Ridley,Bowser,Mutual Agreement,Pokémon Stadium 2,,,,,,Yoshi's Island (Brawl),Yoshi's Story,Battlefield,Ridley,Bowser,Yes,Final Destination,Kalos Pokémon League,Pokémon Stadium 2,Ridley,Bowser
Daisy,Jigglypuff,Mutual Agreement,Pokémon Stadium 2,,,,,,,,Battlefield,Daisy,Jigglypuff,Yes,,,Pokémon Stadium 2,Daisy,Jigglypuff
King K. Rool,Fox,Mutual Agreement,Pokémon Stadium 2,,,,,,,,Battlefield,King K. Rool,Fox,Yes,,,Pokémon Stadium 2,King K. Rool,Fox
Yoshi,Wolf,Mutual Agreement,Pokémon Stadium 2,,,,,,Battlefield,Lylat Cruise,Final Destination,Yoshi,Wolf,Yes,Lylat Cruise,Yoshi's Island (Brawl),Pokémon Stadium 2,Yoshi,Pichu
Wolf,R.O.B.,Mutual Agreement,Pokémon Stadium 2,,,,,,,,Final Destination,Wolf,R.O.B.,Yes,,,Pokémon Stadium 2,Wolf,R.O.B.
Lucario,Cloud,Mutual Agreement,Pokémon Stadium 2,,,,,,Final Destination,Yoshi's Story,Kalos Pokémon League,Lucario,Cloud,Yes,Battlefield,Town And City,Pokémon Stadium 2,Lucario,Cloud
Pichu,Link,Mutual Agreement,Pokémon Stadium 2,,,,,,Smashville,Final Destination,Pokémon Stadium 2,Pichu,Link,Yes,Lylat Cruise,Yoshi's Island (Brawl),Pokémon Stadium 2,Pichu,Link
R.O.B.,Pokemon Trainer,Mutual Agreement,Pokémon Stadium 2,,,,,,Yoshi's Island (Brawl),Kalos Pokémon League,Pokémon Stadium 2,R.O.B.,Pokemon Trainer,Yes,Yoshi's Island (Brawl),Yoshi's Story,Pokémon Stadium 2,R.O.B.,Pokemon Trainer
Bowser Jr.,R.O.B.,Mutual Agreement,Pokémon Stadium 2,,,,,,,,Pokémon Stadium 2,Bowser Jr.,R.O.B.,Yes,,,Pokémon Stadium 2,Bowser Jr.,Snake
Rosalina,Donkey Kong,Mutual Agreement,Pokémon Stadium 2,,,,,,Final Destination,Kalos Pokémon League,Smashville,Rosalina,Donkey Kong,Yes,Battlefield,Lylat Cruise,Pokémon Stadium 2,Rosalina,Donkey Kong
Luigi,Pikachu,Mutual Agreement,Pokémon Stadium 2,,,,,,Smashville,Yoshi's Island (Brawl),Town And City,Luigi,Pikachu,Yes,Battlefield,Yoshi's Island (Brawl),Pokémon Stadium 2,Luigi,Pikachu
Yoshi,Pokemon Trainer,Mutual Agreement,Pokémon Stadium 2,,,,,,Smashville,Yoshi's Story,Yoshi's Island (Brawl),Yoshi,Pokemon Trainer,Yes,Town And City,Lylat Cruise,Pokémon Stadium 2,Yoshi,Pokemon Trainer
Dr. Mario,Mario,Mutual Agreement,Pokémon Stadium 2,,,,,,Smashville,Battlefield,Yoshi's Story,Dr. Mario,Mario,Yes,Final Destination,Kalos Pokémon League,Pokémon Stadium 2,Dr. Mario,Mario
Link,Rosalina,Mutual Agreement,Pokémon Stadium 2,,,,,,Final Destination,Kalos Pokémon League,Battlefield,Link,Rosalina,Yes,Yoshi's Island (Brawl),Yoshi's Story,Smashville,Link,Rosalina
The Ice Climbers,Wolf,Mutual Agreement,Pokémon Stadium 2,,,,,,Yoshi's Island (Brawl),Kalos Pokémon League,Final Destination,The Ice Climbers,Wolf,Yes,Lylat Cruise,Yoshi's Island (Brawl),Smashville,The Ice Climbers,Wolf
Wolf,Olimar,Mutual Agreement,Pokémon Stadium 2,,,,,,,,Final Destination,Wolf,Olimar,Yes,Battlefield,Yoshi's Story,Smashville,Wolf,Olimar
Kirby,Isabelle,Mutual Agreement,Pokémon Stadium 2,,,,,,,,Final Destination,Kirby,Isabelle,Yes,,,Smashville,Kirby,Isabelle
Wolf,Bowser,Mutual Agreement,Pokémon Stadium 2,,,,,,,,Final Destination,Wolf,Bowser,Yes,,,Smashville,Wolf,Bowser
Lucas,Young Link,Mutual Agreement,Pokémon Stadium 2,,,,,,Battlefield,Final Destination,Kalos Pokémon League,Lucas,Young Link,Yes,Yoshi's Island (Brawl),Yoshi's Story,Smashville,Lucas,Young Link
Diddy Kong,Cloud,Mutual Agreement,Pokémon Stadium 2,,,,,,Final Destination,Yoshi's Island (Brawl),Kalos Pokémon League,Diddy Kong,Cloud,Yes,Battlefield,Yoshi's Story,Smashville,Diddy Kong,Cloud
Wolf,Donkey Kong,Mutual Agreement,Pokémon Stadium 2,,,,,,Battlefield,Yoshi's Story,Smashville,Ryu,Donkey Kong,Yes,Kalos Pokémon League,Yoshi's Story,Smashville,Ryu,Donkey Kong
Olimar,Snake,Mutual Agreement,Pokémon Stadium 2,,,,,,Lylat Cruise,Yoshi's Story,Town And City,Olimar,Snake,Yes,Battlefield,Yoshi's Story,Smashville,Olimar,Snake
Villager,Lucina,Mutual Agreement,Pokémon Stadium 2,,,,,,,,Battlefield,Villager,Lucina,Yes,,,Town And City,King Dedede,Lucina
Wolf,Link,Mutual Agreement,Pokémon Stadium 2,,,,,,Lylat Cruise,Yoshi's Island (Brawl),Final Destination,Wolf,Link,Yes,Battlefield,Kalos Pokémon League,Town And City,Wolf,Link
R.O.B.,Samus,Mutual Agreement,Pokémon Stadium 2,,,,,,Lylat Cruise,Yoshi's Story,Final Destination,R.O.B.,Samus,Yes,Battlefield,Yoshi's Story,Town And City,R.O.B.,Samus
Roy,Mr. Game & Watch,Mutual Agreement,Pokémon Stadium 2,,,,,,,,Lylat Cruise,Roy,Mr. Game & Watch,Yes,,,Town And City,Roy,King Dedede
Chrom,Bowser,Mutual Agreement,Pokémon Stadium 2,,,,,,,,Pokémon Stadium 2,Chrom,Bowser,Yes,,,Town And City,Chrom,Bowser
Yoshi,Simon Belmont,Mutual Agreement,Pokémon Stadium 2,,,,,,Lylat Cruise,Yoshi's Island (Brawl),Yoshi's Story,Yoshi,Mario,Yes,Final Destination,Kalos Pokémon League,Town And City,Yoshi,Mario
Inkling,Pokemon Trainer,Mutual Agreement,Pokémon Stadium 2,,,,,,Yoshi's Island (Brawl),Kalos Pokémon League,Battlefield,Inkling,Pokemon Trainer,Yes,Smashville,Final Destination,Yoshi's Island (Brawl),Inkling,Pokemon Trainer
Yoshi,Ike,Mutual Agreement,Pokémon Stadium 2,,,,,,Lylat Cruise,Kalos Pokémon League,Town And City,Yoshi,Ike,Yes,Battlefield,Yoshi's Story,Yoshi's Island (Brawl),Yoshi,Ike
Meta Knight,Meta Knight,Mutual Agreement,Pokémon Stadium 2,,,,,,,,Pokémon Stadium 2,Meta Knight,Meta Knight,Yes,Battlefield,Yoshi's Island (Brawl),Yoshi's Story,Meta Knight,Meta Knight
Bowser,Meta Knight,Mutual Agreement,Pokémon Stadium 2,,,,,,Final Destination,Kalos Pokémon League,Battlefield,Bowser,Mega Man,No,,,,,
Ike,Donkey Kong,Mutual Agreement,Pokémon Stadium 2,,,,,,Final Destination,Kalos Pokémon League,Battlefield,Ike,Falco,No,,,,,
Mario,Pit,Mutual Agreement,Pokémon Stadium 2,,,,,,Final Destination,Lylat Cruise,Battlefield,Mario,Pit,No,,,,,
Lucina,Pokemon Trainer,Mutual Agreement,Pokémon Stadium 2,,,,,,Final Destination,Lylat Cruise,Battlefield,Lucina,Pokemon Trainer,No,,,,,
Mewtwo,Mega Man,Mutual Agreement,Pokémon Stadium 2,,,,,,Final Destination,Lylat Cruise,Battlefield,Mewtwo,Mega Man,No,,,,,
Shulk,Dark Samus,Mutual Agreement,Pokémon Stadium 2,,,,,,Final Destination,Town And City,Battlefield,Dr. Mario,Dark Samus,No,,,,,
Lucina,Palutena,Mutual Agreement,Pokémon Stadium 2,,,,,,Final Destination,Yoshi's Island (Brawl),Battlefield,Lucina,Palutena,No,,,,,
Samus,[Unclear],Mutual Agreement,Pokémon Stadium 2,,,,,,Lylat Cruise,Kalos Pokémon League,Battlefield,Samus,Zelda,No,,,,,
Wolf,Lucina,Mutual Agreement,Pokémon Stadium 2,,,,,,Lylat Cruise,Yoshi's Island (Brawl),Battlefield,Incineroar,Zelda,No,,,,,
Palutena,King Dedede,Mutual Agreement,Pokémon Stadium 2,,,,,,Lylat Cruise,Yoshi's Island (Brawl),Battlefield,Palutena,King Dedede,No,,,,,
Lucina,Dark Pit,Mutual Agreement,Pokémon Stadium 2,,,,,,Lylat Cruise,Yoshi's Island (Brawl),Battlefield,Lucina,Dark Pit,No,,,,,
Bowser,Ganondorf,Mutual Agreement,Pokémon Stadium 2,,,,,,Lylat Cruise,Yoshi's Story,Battlefield,Bowser,Ganondorf,No,,,,,
Peach,Wii Fit Trainer,Mutual Agreement,Pokémon Stadium 2,,,,,,Smashville,Kalos Pokémon League,Battlefield,Inkling,Wii Fit Trainer,No,,,,,
Lucario,Link,Mutual Agreement,Pokémon Stadium 2,,,,,,Smashville,Yoshi's Island (Brawl),Battlefield,Lucario,Link,No,,,,,
Lucas,Corrin,Mutual Agreement,Pokémon Stadium 2,,,,,,Smashville,Yoshi's Story,Battlefield,Lucas,Ganondorf,No,,,,,
Wolf,Donkey Kong,Mutual Agreement,Pokémon Stadium 2,,,,,,Yoshi's Island (Brawl),Yoshi's Story,Battlefield,Wolf,Donkey Kong,No,,,,,
Wolf,Donkey Kong,Mutual Agreement,Pokémon Stadium 2,,,,,,Yoshi's Island (Brawl),Yoshi's Story,Battlefield,Wolf,Donkey Kong,No,,,,,
King Dedede,Sonic,Mutual Agreement,Pokémon Stadium 2,,,,,,Yoshi's Island (Brawl),Yoshi's Story,Battlefield,King Dedede,Sonic,No,,,,,
Pichu,Sonic,Mutual Agreement,Pokémon Stadium 2,,,,,,Yoshi's Island (Brawl),Yoshi's Story,Battlefield,Pichu,Sonic,No,,,,,
Yoshi,Snake,Mutual Agreement,Pokémon Stadium 2,,,,,,,,Battlefield,Yoshi,Olimar,No,,,,,
Yoshi,Pikachu,Mutual Agreement,Pokémon Stadium 2,,,,,,,,Battlefield,Mii Brawler,Pikachu,No,,,,,
Inkling,Richter,Mutual Agreement,Pokémon Stadium 2,,,,,,,,Battlefield,Inkling,Mr. Game & Watch,No,,,,,
Ike,Pokemon Trainer,Mutual Agreement,Pokémon Stadium 2,,,,,,,,Battlefield,Samus,Pokemon Trainer,No,,,,,
Olimar,Zero Suit Samus,Mutual Agreement,Pokémon Stadium 2,,,,,,,,Battlefield,Olimar,Falco,No,,,,,
R.O.B.,Young Link,Mutual Agreement,Pokémon Stadium 2,,,,,,,,Battlefield,R.O.B.,Mewtwo,No,,,,,
Mario,Peach,Mutual Agreement,Pokémon Stadium 2,,,,,,,,Battlefield,Mario,Ganondorf,No,,,,,
Pokemon Trainer,Bowser Jr.,Mutual Agreement,Pokémon Stadium 2,,,,,,,,Battlefield,Pokemon Trainer,Bowser Jr.,No,,,,,
Pichu,Ike,Mutual Agreement,Pokémon Stadium 2,,,,,,Battlefield,Yoshi's Island (Brawl),Final Destination,Pichu,Dark Samus,No,,,,,
Wario,Cloud,Mutual Agreement,Pokémon Stadium 2,,,,,,Battlefield,Yoshi's Island (Brawl),Final Destination,Wario,Greninja,No,,,,,
Marth,Roy,Mutual Agreement,Pokémon Stadium 2,,,,,,Battlefield,Yoshi's Story,Final Destination,Marth,Roy,No,,,,,
Snake,R.O.B.,Mutual Agreement,Pokémon Stadium 2,,,,,,Battlefield,Yoshi's Story,Final Destination,Snake,R.O.B.,No,,,,,
Ridley,Peach,Mutual Agreement,Pokémon Stadium 2,,,,,,Lylat Cruise,Kalos Pokémon League,Final Destination,Ridley,Pichu,No,,,,,
Dark Pit,Duck Hunt,Mutual Agreement,Pokémon Stadium 2,,,,,,Lylat Cruise,Yoshi's Island (Brawl),Final Destination,Dark Pit,Duck Hunt,No,,,,,
Ken,Piranha Plant,Mutual Agreement,Pokémon Stadium 2,,,,,,Lylat Cruise,Yoshi's Story,Final Destination,Ken,R.O.B.,No,,,,,
Simon Belmont,Samus,Mutual Agreement,Pokémon Stadium 2,,,,,,Lylat Cruise,Yoshi's Story,Final Destination,Simon Belmont,Samus,No,,,,,
Mega Man,Pichu,Mutual Agreement,Pokémon Stadium 2,,,,,,Lylat Cruise,Yoshi's Story,Final Destination,Mega Man,Pichu,No,,,,,
Olimar,Samus,Mutual Agreement,Pokémon Stadium 2,,,,,,Lylat Cruise,Yoshi's Story,Final Destination,Olimar,Samus,No,,,,,
Roy,Link,Mutual Agreement,Pokémon Stadium 2,,,,,,Lylat Cruise,Yoshi's Story,Final Destination,Roy,Link,No,,,,,
Peach,Palutena,Mutual Agreement,Pokémon Stadium 2,,,,,,Smashville,Kalos Pokémon League,Final Destination,Peach,Palutena,No,,,,,
Donkey Kong,Inkling,Mutual Agreement,Pokémon Stadium 2,,,,,,Smashville,Yoshi's Island (Brawl),Final Destination,Donkey Kong,Inkling,No,,,,,
Dark Pit,Roy,Mutual Agreement,Pokémon Stadium 2,,,,,,Town And City,Kalos Pokémon League,Final Destination,Dark Pit,Roy,No,,,,,
Cloud,Pikachu,Mutual Agreement,Pokémon Stadium 2,,,,,,Yoshi's Island (Brawl),Kalos Pokémon League,Final Destination,Cloud,Pikachu,No,,,,,
Pit,Mewtwo,Mutual Agreement,Pokémon Stadium 2,,,,,,Yoshi's Island (Brawl),Kalos Pokémon League,Final Destination,Pokemon Trainer,Unclear,No,,,,,
Daisy,King K. Rool,Mutual Agreement,Pokémon Stadium 2,,,,,,Yoshi's Island (Brawl),Kalos Pokémon League,Final Destination,Daisy,King K. Rool,No,,,,,
Ken,Mii Brawler,Mutual Agreement,Pokémon Stadium 2,,,,,,Yoshi's Island (Brawl),Yoshi's Story,Final Destination,Yoshi,Mii Brawler,No,,,,,
Pit,Wolf,Mutual Agreement,Pokémon Stadium 2,,,,,,Yoshi's Island (Brawl),Yoshi's Story,Final Destination,Pit,Wolf,No,,,,,
Pac-Man,Richter,Mutual Agreement,Pokémon Stadium 2,,,,,,Yoshi's Island (Brawl),Yoshi's Story,Final Destination,Pac-Man,Richter,No,,,,,
Snake,Cloud,Mutual Agreement,Pokémon Stadium 2,,,,,,,,Final Destination,Snake,Cloud,No,,,,,
Inkling,King Dedede,Mutual Agreement,Pokémon Stadium 2,,,,,,,,Final Destination,Inkling,King Dedede,No,,,,,
Sonic,Daisy,Mutual Agreement,Pokémon Stadium 2,,,,,,Battlefield,Yoshi's Story,Kalos Pokémon League,Sonic,Daisy,No,,,,,
Sonic,Corrin,Mutual Agreement,Pokémon Stadium 2,,,,,,Battlefield,Yoshi's Story,Kalos Pokémon League,Sonic,Ganondorf,No,,,,,
Toon Link,Falco,Mutual Agreement,Pokémon Stadium 2,,,,,,Final Destination,Lylat Cruise,Kalos Pokémon League,,,No,,,,,
Lucina,Ganondorf,Mutual Agreement,Pokémon Stadium 2,,,,,,Final Destination,Yoshi's Island (Brawl),Kalos Pokémon League,Lucina,Corrin,No,,,,,
Zelda,Ganondorf,Mutual Agreement,Pokémon Stadium 2,,,,,,Lylat Cruise,Yoshi's Island (Brawl),Kalos Pokémon League,Zelda,Ganondorf,No,,,,,
Zelda,Ganondorf,Mutual Agreement,Pokémon Stadium 2,,,,,,Lylat Cruise,Yoshi's Island (Brawl),Kalos Pokémon League,Zelda,Ganondorf,No,,,,,
Peach,Wii Fit Trainer,Mutual Agreement,Pokémon Stadium 2,,,,,,Lylat Cruise,Yoshi's Island (Brawl),Kalos Pokémon League,Peach,Wii Fit Trainer,No,,,,,
Lucina,Chrom,Mutual Agreement,Pokémon Stadium 2,,,,,,Smashville,Yoshi's Island (Brawl),Kalos Pokémon League,Pichu,Chrom,No,,,,,
Samus,Bowser,Mutual Agreement,Pokémon Stadium 2,,,,,,Smashville,Yoshi's Island (Brawl),Kalos Pokémon League,Samus,Wario,No,,,,,
Sonic,Mega Man,Mutual Agreement,Pokémon Stadium 2,,,,,,Yoshi's Island (Brawl),Yoshi's Story,Kalos Pokémon League,Sonic,Mega Man,No,,,,,
King Dedede,Link,Mutual Agreement,Pokémon Stadium 2,,,,,,Yoshi's Island (Brawl),Yoshi's Story,Kalos Pokémon League,King Dedede,Link,No,,,,,
Palutena,Link,Mutual Agreement,Pokémon Stadium 2,,,,,,Yoshi's Island (Brawl),Yoshi's Story,Kalos Pokémon League,Link,Palutena,No,,,,,
R.O.B.,Pokemon Trainer,Mutual Agreement,Pokémon Stadium 2,,,,,,,,Kalos Pokémon League,R.O.B.,Bowser,No,,,,,
Falco,Chrom,Mutual Agreement,Pokémon Stadium 2,,,,,,,,Kalos Pokémon League,Young Link,Chrom,No,,,,,
Wolf,Sonic,Mutual Agreement,Pokémon Stadium 2,,,,,,,,Kalos Pokémon League,Wolf,Sonic,No,,,,,
Pichu,Inkling,Mutual Agreement,Pokémon Stadium 2,,,,,,,,Kalos Pokémon League,Pichu,Inkling,No,,,,,
Bowser Jr.,Lucina,Mutual Agreement,Pokémon Stadium 2,,,,,,,,Kalos Pokémon League,Bowser Jr.,Fox,No,,,,,
Palutena,Donkey Kong,Mutual Agreement,Pokémon Stadium 2,,,,,,Final Destination,Kalos Pokémon League,Lylat Cruise,Palutena,Donkey Kong,No,,,,,
Young Link,Zelda,Mutual Agreement,Pokémon Stadium 2,,,,,,Final Destination,Yoshi's Island (Brawl),Lylat Cruise,Young Link,Zelda,No,,,,,
Snake,R.O.B.,Mutual Agreement,Pokémon Stadium 2,,,,,,Smashville,Final Destination,Lylat Cruise,Snake,R.O.B.,No,,,,,
Fox,Palutena,Mutual Agreement,Pokémon Stadium 2,,,,,,Smashville,Yoshi's Island (Brawl),Lylat Cruise,Fox,Palutena,No,,,,,
Yoshi,Pokemon Trainer,Mutual Agreement,Pokémon Stadium 2,,,,,,Smashville,Yoshi's Story,Lylat Cruise,Yoshi,Pokemon Trainer,No,,,,,
Mario,Palutena,Mutual Agreement,Pokémon Stadium 2,,,,,,Town And City,Kalos Pokémon League,Lylat Cruise,Mario,Palutena,No,,,,,
Young Link,Lucina,Mutual Agreement,Pokémon Stadium 2,,,,,,,,Lylat Cruise,Young Link,Lucina,No,,,,,
Lucina,Snake,Mutual Agreement,Pokémon Stadium 2,,,,,,Battlefield,Final Destination,Pokémon Stadium 2,Lucina,Snake,No,,,,,
Lucina,Snake,Mutual Agreement,Pokémon Stadium 2,,,,,,Battlefield,Lylat Cruise,Pokémon Stadium 2,Lucina,Snake,No,,,,,
Sonic,Greninja,Mutual Agreement,Pokémon Stadium 2,,,,,,Battlefield,Yoshi's Island (Brawl),Pokémon Stadium 2,Sonic,Greninja,No,,,,,
Sonic,Greninja,Mutual Agreement,Pokémon Stadium 2,,,,,,Battlefield,Yoshi's Island (Brawl),Pokémon Stadium 2,Sonic,Greninja,No,,,,,
Mega Man,Wolf,Mutual Agreement,Pokémon Stadium 2,,,,,,Battlefield,Yoshi's Story,Pokémon Stadium 2,Mega Man,Bayonetta,No,,,,,
Mega Man,Wolf,Mutual Agreement,Pokémon Stadium 2,,,,,,Battlefield,Yoshi's Story,Pokémon Stadium 2,Mega Man,Bayonetta,No,,,,,
Pokemon Trainer,Roy,Mutual Agreement,Pokémon Stadium 2,,,,,,Battlefield,Yoshi's Story,Pokémon Stadium 2,Pokemon Trainer,Roy,No,,,,,
Sheik,Cloud,Mutual Agreement,Pokémon Stadium 2,,,,,,Final Destination,Kalos Pokémon League,Pokémon Stadium 2,Sheik,Cloud,No,,,,,
Pichu,Link,Mutual Agreement,Pokémon Stadium 2,,,,,,Final Destination,Lylat Cruise,Pokémon Stadium 2,Pichu,Greninja,No,,,,,
Ganondorf,Lucina,Mutual Agreement,Pokémon Stadium 2,,,,,,Final Destination,Yoshi's Island (Brawl),Pokémon Stadium 2,Ganondorf,Lucina,No,,,,,
Sonic,Pokemon Trainer,Mutual Agreement,Pokémon Stadium 2,,,,,,Lylat Cruise,Yoshi's Island (Brawl),Pokémon Stadium 2,Inkling,Pokemon Trainer,No,,,,,
Inkling,Donkey Kong,Mutual Agreement,Pokémon Stadium 2,,,,,,Lylat Cruise,Yoshi's Island (Brawl),Pokémon Stadium 2,Inkling,Donkey Kong,No,,,,,
Lucina,Zelda,Mutual Agreement,Pokémon Stadium 2,,,,,,Lylat Cruise,Yoshi's Island (Brawl),Pokémon Stadium 2,Lucina,Zero Suit Samus,No,,,,,
Snake,Isabelle,Mutual Agreement,Pokémon Stadium 2,,,,,,Smashville,Final Destination,Pokémon Stadium 2,Snake,Ridley,No,,,,,
Bowser,Ike,Mutual Agreement,Pokémon Stadium 2,,,,,,Smashville,Final Destination,Pokémon Stadium 2,Donkey Kong,Ike,No,,,,,
Luigi,Palutena,Mutual Agreement,Pokémon Stadium 2,,,,,,Smashville,Kalos Pokémon League,Pokémon Stadium 2,Luigi,Palutena,No,,,,,
Fox,Palutena,Mutual Agreement,Pokémon Stadium 2,,,,,,Smashville,Yoshi's Island (Brawl),Pokémon Stadium 2,Fox,Lucina,No,,,,,
Palutena,Roy,Mutual Agreement,Pokémon Stadium 2,,,,,,Smashville,Yoshi's Island (Brawl),Pokémon Stadium 2,Palutena,Roy,No,,,,,
Fox,Wolf,Mutual Agreement,Pokémon Stadium 2,,,,,,Smashville,Yoshi's Island (Brawl),Pokémon Stadium 2,Fox,Wolf,No,,,,,
Wolf,Palutena,Mutual Agreement,Pokémon Stadium 2,,,,,,Yoshi's Island (Brawl),Kalos Pokémon League,Pokémon Stadium 2,Snake,Palutena,No,,,,,
Wolf,Palutena,Mutual Agreement,Pokémon Stadium 2,,,,,,Yoshi's Island (Brawl),Kalos Pokémon League,Pokémon Stadium 2,Snake,Palutena,No,,,,,
Mii Brawler,Inkling,Mutual Agreement,Pokémon Stadium 2,,,,,,Yoshi's Island (Brawl),Yoshi's Story,Pokémon Stadium 2,Mii Brawler,Inkling,No,,,,,
Sonic,Ken,Mutual Agreement,Pokémon Stadium 2,,,,,,Yoshi's Island (Brawl),Yoshi's Story,Pokémon Stadium 2,Sonic,Ken,No,,,,,
Sonic,Ken,Mutual Agreement,Pokémon Stadium 2,,,,,,Yoshi's Island (Brawl),Yoshi's Story,Pokémon Stadium 2,Sonic,Ken,No,,,,,
Pichu,Pichu,Mutual Agreement,Pokémon Stadium 2,,,,,,,,Pokémon Stadium 2,Pichu,Pichu,No,,,,,
Wolf,Pokemon Trainer,Mutual Agreement,Pokémon Stadium 2,,,,,,,,Pokémon Stadium 2,Wolf,Pokemon Trainer,No,,,,,
Captain Falcon,Pokemon Trainer,Mutual Agreement,Pokémon Stadium 2,,,,,,,,Pokémon Stadium 2,Captain Falcon,Pokemon Trainer,No,,,,,
Peach,Dark Samus,Mutual Agreement,Pokémon Stadium 2,,,,,,,,Pokémon Stadium 2,Peach,Dark Samus,No,,,,,
Shulk,Donkey Kong,Mutual Agreement,Pokémon Stadium 2,,,,,,,,Pokémon Stadium 2,Shulk,Donkey Kong,No,,,,,
Ness,Mario,Mutual Agreement,Pokémon Stadium 2,,,,,,,,Pokémon Stadium 2,Ness,Mario,No,,,,,
Bowser,Kirby,Mutual Agreement,Pokémon Stadium 2,,,,,,,,Pokémon Stadium 2,Bowser,Kirby,No,,,,,
Mario,Zero Suit Samus,Mutual Agreement,Pokémon Stadium 2,,,,,,,,Pokémon Stadium 2,Donkey Kong,Zero Suit Samus,No,,,,,
Donkey Kong,Donkey Kong,Mutual Agreement,Pokémon Stadium 2,,,,,,,,Pokémon Stadium 2,Donkey Kong,Donkey Kong,No,,,,,
Captain Falcon,Pokemon Trainer,Mutual Agreement,Pokémon Stadium 2,,,,,,,,Pokémon Stadium 2,Captain Falcon,Pokemon Trainer,No,,,,,
Jigglypuff,Pichu,Mutual Agreement,Pokémon Stadium 2,,,,,,Battlefield,Final Destination,Smashville,Jigglypuff,Pichu,No,,,,,
Pokemon Trainer,Zelda,Mutual Agreement,Pokémon Stadium 2,,,,,,Battlefield,Lylat Cruise,Smashville,Pokemon Trainer,Zelda,No,,,,,
Lucas,Luigi,Mutual Agreement,Pokémon Stadium 2,,,,,,Battlefield,Yoshi's Island (Brawl),Smashville,Lucas,Luigi,No,,,,,
Diddy Kong,Mario,Mutual Agreement,Pokémon Stadium 2,,,,,,Battlefield,Yoshi's Story,Smashville,Diddy Kong,Mario,No,,,,,
Lucina,R.O.B.,Mutual Agreement,Pokémon Stadium 2,,,,,,Battlefield,Yoshi's Story,Smashville,Olimar,R.O.B.,No,,,,,
Lucas,Young Link,Mutual Agreement,Pokémon Stadium 2,,,,,,Battlefield,Yoshi's Story,Smashville,Lucas,Lucina,No,,,,,
R.O.B.,Fox,Mutual Agreement,Pokémon Stadium 2,,,,,,Final Destination,Kalos Pokémon League,Smashville,Falco,Fox,No,,,,,
Donkey Kong,Peach,Mutual Agreement,Pokémon Stadium 2,,,,,,Final Destination,Kalos Pokémon League,Smashville,Donkey Kong,Peach,No,,,,,
Mario,Lucina,Mutual Agreement,Pokémon Stadium 2,,,,,,Final Destination,Kalos Pokémon League,Smashville,Mario,Lucina,No,,,,,
R.O.B.,Fox,Mutual Agreement,Pokémon Stadium 2,,,,,,Final Destination,Kalos Pokémon League,Smashville,Falco,Fox,No,,,,,
Mr. Game & Watch,Snake,Mutual Agreement,Pokémon Stadium 2,,,,,,Final Destination,Lylat Cruise,Smashville,Mr. Game & Watch,Donkey Kong,No,,,,,
R.O.B.,Snake,Mutual Agreement,Pokémon Stadium 2,,,,,,Final Destination,Lylat Cruise,Smashville,R.O.B.,Snake,No,,,,,
R.O.B.,Fox,Mutual Agreement,Pokémon Stadium 2,,,,,,Final Destination,Town And City,Smashville,R.O.B.,Fox,No,,,,,
Lucina,Roy,Mutual Agreement,Pokémon Stadium 2,,,,,,Final Destination,Town And City,Smashville,Lucina,Roy,No,,,,,
Pokemon Trainer,Snake,Mutual Agreement,Pokémon Stadium 2,,,,,,Final Destination,Yoshi's Island (Brawl),Smashville,Pokemon Trainer,Snake,No,,,,,
Pichu,Marth,Mutual Agreement,Pokémon Stadium 2,,,,,,Final Destination,Yoshi's Story,Smashville,Pichu,Marth,No,,,,,
Wii Fit Trainer,Mr. Game & Watch,Mutual Agreement,Pokémon Stadium 2,,,,,,Lylat Cruise,Kalos Pokémon League,Smashville,Wii Fit Trainer,Mr. Game & Watch,No,,,,,
Link,Daisy,Mutual Agreement,Pokémon Stadium 2,,,,,,Lylat Cruise,Yoshi's Island (Brawl),Smashville,Lucina,Daisy,No,,,,,
Wolf,Roy,Mutual Agreement,Pokémon Stadium 2,,,,,,Lylat Cruise,Yoshi's Island (Brawl),Smashville,,Roy,No,,,,,
Wolf,Pokemon Trainer,Mutual Agreement,Pokémon Stadium 2,,,,,,Lylat Cruise,Yoshi's Island (Brawl),Smashville,Wolf,Pokemon Trainer,No,,,,,
Young Link,Palutena,Mutual Agreement,Pokémon Stadium 2,,,,,,Lylat Cruise,Yoshi's Island (Brawl),Smashville,Young Link,Palutena,No,,,,,
Dr. Mario,Wario,Mutual Agreement,Pokémon Stadium 2,,,,,,Lylat Cruise,Yoshi's Island (Brawl),Smashville,Wolf,Wario,No,,,,,
Captain Falcon,Dr. Mario,Mutual Agreement,Pokémon Stadium 2,,,,,,Lylat Cruise,Yoshi's Island (Brawl),Smashville,Captain Falcon,Dr. Mario,No,,,,,
Pokemon Trainer,King Dedede,Mutual Agreement,Pokémon Stadium 2,,,,,,Lylat Cruise,Yoshi's Story,Smashville,Pokemon Trainer,Pokemon Trainer,No,,,,,
Wario,Snake,Mutual Agreement,Pokémon Stadium 2,,,,,,Lylat Cruise,Yoshi's Story,Smashville,Wario,Snake,No,,,,,
Pokemon Trainer,Captain Falcon,Mutual Agreement,Pokémon Stadium 2,,,,,,Town And City,Lylat Cruise,Smashville,Pokemon Trainer,Falco,No,,,,,
Wolf,Fox,Mutual Agreement,Pokémon Stadium 2,,,,,,Town And City,Yoshi's Island (Brawl),Smashville,Dark Pit,Fox,No,,,,,
Pokemon Trainer,Snake,Mutual Agreement,Pokémon Stadium 2,,,,,,Yoshi's Island (Brawl),Yoshi's Story,Smashville,Pokemon Trainer,Snake,No,,,,,
Palutena,Ness,Mutual Agreement,Pokémon Stadium 2,,,,,,,,Smashville,Palutena,Palutena,No,,,,,
Cloud,Peach,Mutual Agreement,Pokémon Stadium 2,,,,,,,,Smashville,Dr. Mario,Kirby,No,,,,,
Piranha Plant,Pit,Mutual Agreement,Pokémon Stadium 2,,,,,,,,Smashville,Piranha Plant,Pit,No,,,,,
Dr. Mario,Ganondorf,Mutual Agreement,Pokémon Stadium 2,,,,,,,,Smashville,Dr. Mario,Ganondorf,No,,,,,
Lucina,Ridley,Mutual Agreement,Pokémon Stadium 2,,,,,,Battlefield,Yoshi's Story,Town And City,Zelda,Ridley,No,,,,,
Fox,Wolf,Mutual Agreement,Pokémon Stadium 2,,,,,,Battlefield,Yoshi's Story,Town And City,Lucina,Wolf,No,,,,,
Meta Knight,Roy,Mutual Agreement,Pokémon Stadium 2,,,,,,Final Destination,Kalos Pokémon League,Town And City,Meta Knight,Roy,No,,,,,
Shulk,Duck Hunt,Mutual Agreement,Pokémon Stadium 2,,,,,,Final Destination,Kalos Pokémon League,Town And City,Shulk,Duck Hunt,No,,,,,
Ike,Bowser Jr.,Mutual Agreement,Pokémon Stadium 2,,,,,,Final Destination,Kalos Pokémon League,Town And City,Ike,Bowser Jr.,No,,,,,
Ike,Wolf,Mutual Agreement,Pokémon Stadium 2,,,,,,Final Destination,Kalos Pokémon League,Town And City,Ike,Wolf,No,,,,,
Pac-Man,Palutena,Mutual Agreement,Pokémon Stadium 2,,,,,,Final Destination,Kalos Pokémon League,Town And City,Pac-Man,Palutena,No,,,,,
Bowser,Mr. Game & Watch,Mutual Agreement,Pokémon Stadium 2,,,,,,Final Destination,Kalos Pokémon League,Town And City,Bowser,Mr. Game & Watch,No,,,,,
Mario,Greninja,Mutual Agreement,Pokémon Stadium 2,,,,,,Final Destination,Kalos Pokémon League,Town And City,King K. Rool,Greninja,No,,,,,
Sonic,Snake,Mutual Agreement,Pokémon Stadium 2,,,,,,Final Destination,Kalos Pokémon League,Town And City,Sonic,Snake,No,,,,,
Lucario,Duck Hunt,Mutual Agreement,Pokémon Stadium 2,,,,,,Final Destination,Lylat Cruise,Town And City,Lucario,Duck Hunt,No,,,,,
Ganondorf,Wolf,Mutual Agreement,Pokémon Stadium 2,,,,,,Final Destination,Lylat Cruise,Town And City,Ganondorf,Bayonetta,No,,,,,
Yoshi,Wolf,Mutual Agreement,Pokémon Stadium 2,,,,,,Final Destination,Yoshi's Island (Brawl),Town And City,Yoshi,Wolf,No,,,,,
Lucas,Ness,Mutual Agreement,Pokémon Stadium 2,,,,,,Final Destination,Yoshi's Island (Brawl),Town And City,Lucas,Ness,No,,,,,
Wolf,Link,Mutual Agreement,Pokémon Stadium 2,,,,,,Lylat Cruise,Yoshi's Island (Brawl),Town And City,Wolf,Zelda,No,,,,,
R.O.B.,Peach,Mutual Agreement,Pokémon Stadium 2,,,,,,Lylat Cruise,Yoshi's Island (Brawl),Town And City,Unclear,Peach,No,,,,,
Wolf,Link,Mutual Agreement,Pokémon Stadium 2,,,,,,Lylat Cruise,Yoshi's Island (Brawl),Town And City,Wolf,Zelda,No,,,,,
Ike,Inkling,Mutual Agreement,Pokémon Stadium 2,,,,,,Lylat Cruise,Yoshi's Island (Brawl),Town And City,Ike,Inkling,No,,,,,
Fox,Inkling,Mutual Agreement,Pokémon Stadium 2,,,,,,Smashville,Lylat Cruise,Town And City,Fox,Inkling,No,,,,,
Fox,King K. Rool,Mutual Agreement,Pokémon Stadium 2,,,,,,Smashville,Yoshi's Island (Brawl),Town And City,Fox,King K. Rool,No,,,,,
R.O.B.,Richter,Mutual Agreement,Pokémon Stadium 2,,,,,,Smashville,Yoshi's Island (Brawl),Town And City,R.O.B.,King K. Rool,No,,,,,
Palutena,Pokemon Trainer,Mutual Agreement,Pokémon Stadium 2,,,,,,Smashville,Yoshi's Story,Town And City,Palutena,Pokemon Trainer,No,,,,,
Ganondorf,Bayonetta,Mutual Agreement,Pokémon Stadium 2,,,,,,Smashville,Yoshi's Story,Town And City,Ganondorf,Bayonetta,No,,,,,
Bowser Jr.,Wolf,Mutual Agreement,Pokémon Stadium 2,,,,,,,,Town And City,Bowser Jr.,Wolf,No,,,,,
Donkey Kong,Ness,Mutual Agreement,Pokémon Stadium 2,,,,,,,,Town And City,Donkey Kong,Ness,No,,,,,
Fox,Pokemon Trainer,Mutual Agreement,Pokémon Stadium 2,,,,,,,,Town And City,Fox,Pichu,No,,,,,
Donkey Kong,Ness,Mutual Agreement,Pokémon Stadium 2,,,,,,,,Town And City,Donkey Kong,Ness,No,,,,,
Wolf,Ike,Mutual Agreement,Pokémon Stadium 2,,,,,,,,Town And City,Wolf,Chrom,No,,,,,
Roy,Zelda,Mutual Agreement,Pokémon Stadium 2,,,,,,,,Town And City,Roy,Zelda,No,,,,,
Wolf,Mewtwo,Mutual Agreement,Pokémon Stadium 2,,,,,,Battlefield,Lylat Cruise,Yoshi's Island (Brawl),Wolf,Palutena,No,,,,,
Young Link,Pikachu,Mutual Agreement,Pokémon Stadium 2,,,,,,Final Destination,Kalos Pokémon League,Yoshi's Island (Brawl),Lucina,Pikachu,No,,,,,
Fox,Pit,Mutual Agreement,Pokémon Stadium 2,,,,,,Final Destination,Town And City,Yoshi's Island (Brawl),Fox,Pit,No,,,,,
Lucas,Cloud,Mutual Agreement,Pokémon Stadium 2,,,,,,Lylat Cruise,Yoshi's Story,Yoshi's Island (Brawl),Lucas,Ganondorf,No,,,,,
Bowser,Donkey Kong,Mutual Agreement,Pokémon Stadium 2,,,,,,Smashville,Final Destination,Yoshi's Island (Brawl),Bowser,Ridley,No,,,,,
Yoshi,Snake,Mutual Agreement,Pokémon Stadium 2,,,,,,Smashville,Final Destination,Yoshi's Island (Brawl),Yoshi,Snake,No,,,,,
Zelda,Pokemon Trainer,Mutual Agreement,Pokémon Stadium 2,,,,,,Smashville,Final Destination,Yoshi's Island (Brawl),Zelda,Pokemon Trainer,No,,,,,
Ike,Mii Brawler,Mutual Agreement,Pokémon Stadium 2,,,,,,Smashville,Kalos Pokémon League,Yoshi's Island (Brawl),Ike,Yoshi,No,,,,,
Mega Man,Bowser,Mutual Agreement,Pokémon Stadium 2,,,,,,,,Yoshi's Island (Brawl),Mega Man,Bowser,No,,,,,
Dr. Mario,Lucina,Mutual Agreement,Pokémon Stadium 2,,,,,,Battlefield,Lylat Cruise,Yoshi's Story,Dr. Mario,Lucina,No,,,,,
Duck Hunt,Yoshi,Mutual Agreement,Pokémon Stadium 2,,,,,,Battlefield,Lylat Cruise,Yoshi's Story,Duck Hunt,Yoshi,No,,,,,
Mega Man,Duck Hunt,Mutual Agreement,Pokémon Stadium 2,,,,,,Battlefield,Yoshi's Island (Brawl),Yoshi's Story,Mega Man,Palutena,No,,,,,
King K. Rool,Samus,Mutual Agreement,Pokémon Stadium 2,,,,,,Final Destination,Kalos Pokémon League,Yoshi's Story,King K. Rool,Samus,No,,,,,
Donkey Kong,Wolf,Mutual Agreement,Pokémon Stadium 2,,,,,,Final Destination,Kalos Pokémon League,Yoshi's Story,Donkey Kong,Wolf,No,,,,,
Samus,Roy,Mutual Agreement,Pokémon Stadium 2,,,,,,Lylat Cruise,Yoshi's Island (Brawl),Yoshi's Story,Samus,Roy,No,,,,,
Palutena,The Ice Climbers,Mutual Agreement,Pokémon Stadium 2,,,,,,Lylat Cruise,Yoshi's Island (Brawl),Yoshi's Story,Palutena,Roy,No,,,,,
Wario,Shulk,Mutual Agreement,Pokémon Stadium 2,,,,,,Town And City,Kalos Pokémon League,Yoshi's Story,Wario,Shulk,No,,,,,
Wolf,Bowser,Mutual Agreement,Pokémon Stadium 2,,,,,,Town And City,Yoshi's Island (Brawl),Yoshi's Story,Wolf,Bowser,No,,,,,
Peach,Yoshi,Mutual Agreement,Pokémon Stadium 2,,,,,,,,Yoshi's Story,Peach,Yoshi,No,,,,,
Pichu,Dark Samus,Mutual Agreement,Pokémon Stadium 2,,,,,,Battlefield,Lylat Cruise,,,,No,,,,,
Wolf,Isabelle,Mutual Agreement,Pokémon Stadium 2,,,,,,Battlefield,Lylat Cruise,,Wolf,Inkling,No,,,,,
Bowser Jr.,Lucina,Mutual Agreement,Pokémon Stadium 2,,,,,,Battlefield,Yoshi's Island (Brawl),,Bowser Jr.,Villager,No,,,,,
Sonic,Lucas,Mutual Agreement,Pokémon Stadium 2,,,,,,Battlefield,Yoshi's Story,,Sonic,Lucas,No,,,,,
Pichu,Pichu,Mutual Agreement,Pokémon Stadium 2,,,,,,Battlefield,Yoshi's Story,,Pichu,Pichu,No,,,,,
Pichu,Wolf,Mutual Agreement,Pokémon Stadium 2,,,,,,Battlefield,Yoshi's Story,,Pichu,Wolf,No,,,,,
Shulk,Ike,Mutual Agreement,Pokémon Stadium 2,,,,,,Final Destination,Kalos Pokémon League,,Shulk,Ike,No,,,,,
Yoshi,Link,Mutual Agreement,Pokémon Stadium 2,,,,,,Final Destination,Kalos Pokémon League,,Yoshi,Link,No,,,,,
Olimar,Corrin,Mutual Agreement,Pokémon Stadium 2,,,,,,Final Destination,Kalos Pokémon League,,Olimar,Corrin,No,,,,,
Palutena,Bowser,Mutual Agreement,Pokémon Stadium 2,,,,,,Final Destination,Kalos Pokémon League,,Palutena,Bowser,No,,,,,
Palutena,Falco,Mutual Agreement,Pokémon Stadium 2,,,,,,Final Destination,Lylat Cruise,,Palutena,Falco,No,,,,,
Mii Brawler,Duck Hunt,Mutual Agreement,Pokémon Stadium 2,,,,,,Final Destination,Yoshi's Island (Brawl),,Mii Brawler,Duck Hunt,No,,,,,
Palutena,Ness,Mutual Agreement,Pokémon Stadium 2,,,,,,Final Destination,Yoshi's Island (Brawl),,Palutena,Ness,No,,,,,
Ganondorf,Pikachu,Mutual Agreement,Pokémon Stadium 2,,,,,,Final Destination,Yoshi's Island (Brawl),,Ganondorf,Pikachu,No,,,,,
Mega Man,Peach,Mutual Agreement,Pokémon Stadium 2,,,,,,Lylat Cruise,Kalos Pokémon League,,Mega Man,Peach,No,,,,,
Peach,Ike,Mutual Agreement,Pokémon Stadium 2,,,,,,Lylat Cruise,Yoshi's Island (Brawl),,Peach,Captain Falcon,No,,,,,
R.O.B.,Pokemon Trainer,Mutual Agreement,Pokémon Stadium 2,,,,,,Lylat Cruise,Yoshi's Island (Brawl),,Fox,Pokemon Trainer,No,,,,,
Cloud,Inkling,Mutual Agreement,Pokémon Stadium 2,,,,,,Smashville,Final Destination,,Cloud,Inkling,No,,,,,
Palutena,Marth,Mutual Agreement,Pokémon Stadium 2,,,,,,Smashville,Lylat Cruise,,Palutena,Marth,No,,,,,
Palutena,Marth,Mutual Agreement,Pokémon Stadium 2,,,,,,Smashville,Lylat Cruise,,Palutena,Marth,No,,,,,
Ike,Mr. Game & Watch,Mutual Agreement,Pokémon Stadium 2,,,,,,Smashville,Town And City,,Ike,Mr. Game & Watch,No,,,,,
Ike,Mr. Game & Watch,Mutual Agreement,Pokémon Stadium 2,,,,,,Smashville,Town And City,,Ike,Mr. Game & Watch,No,,,,,
Mega Man,Pokemon Trainer,Mutual Agreement,Pokémon Stadium 2,,,,,,Smashville,Yoshi's Island (Brawl),,Mega Man,Palutena,No,,,,,
Bowser Jr.,Pit,Mutual Agreement,Pokémon Stadium 2,,,,,,Smashville,Yoshi's Story,,Lucas,Pit,No,,,,,
Sheik,Peach,Mutual Agreement,Pokémon Stadium 2,,,,,,Yoshi's Island (Brawl),Kalos Pokémon League,,Shulk,Peach,No,,,,,
Cloud,Lucario,Mutual Agreement,Pokémon Stadium 2,,,,,,Lylat Cruise,Yoshi's Island (Brawl),Battlefield,Cloud,Lucario,Yes,Smashville,Yoshi's Story,,Cloud,Lucario
Dr. Mario,Palutena,Mutual Agreement,Pokémon Stadium 2,,,,,,Battlefield,Lylat Cruise,Pokémon Stadium 2,Dr. Mario,Palutena,Yes,Battlefield,Yoshi's Story,,Dr. Mario,Palutena
Snake,Luigi,Mutual Agreement,Pokémon Stadium 2,,,,,,,,Pokémon Stadium 2,,,Yes,Battlefield,Yoshi's Island (Brawl),,Snake,Luigi
Wolf,Mewtwo,Mutual Agreement,Pokémon Stadium 2,,,,,,Battlefield,Yoshi's Story,Smashville,Wolf,Mewtwo,Yes,Final Destination,Yoshi's Island (Brawl),,Wolf,Mewtwo
Wolf,Mewtwo,Mutual Agreement,Pokémon Stadium 2,,,,,,Battlefield,Yoshi's Story,Smashville,Wolf,Mewtwo,Yes,Final Destination,Yoshi's Island (Brawl),,Wolf,Mewtwo
Wario,Shulk,Mutual Agreement,Pokémon Stadium 2,,,,,,Final Destination,Kalos Pokémon League,,Wario,Shulk,Yes,Final Destination,Yoshi's Island (Brawl),,Wario,Shulk
Snake,Donkey Kong,Mutual Agreement,Pokémon Stadium 2,,,,,,Final Destination,Kalos Pokémon League,,Snake,Donkey Kong,Yes,Pokémon Stadium 2,Yoshi's Story,,Snake,Donkey Kong
Snake,Donkey Kong,Mutual Agreement,Pokémon Stadium 2,,,,,,Final Destination,Kalos Pokémon League,,Snake,Donkey Kong,Yes,Pokémon Stadium 2,Yoshi's Story,,Snake,Donkey Kong
Cloud,Inkling,Mutual Agreement,Pokémon Stadium 2,,,,,,Smashville,Final Destination,,Cloud,Inkling,Yes,Smashville,Final Destination,,,
Wolf,Ness,Mutual Agreement,Pokémon Stadium 2,,,,,,Town And City,Lylat Cruise,,Wolf,Ness,Yes,Final Destination,Yoshi's Island (Brawl),,Wolf,Ness
Bowser Jr.,Donkey Kong,Mutual Agreement,Pokémon Stadium 2,,,,,,,,,Bowser Jr.,Donkey Kong,Yes,,,,Bowser Jr.,Donkey Kong
Wolf,Chrom,Mutual Agreement,Smashville,,,,,,,,Battlefield,Wolf,Chrom,Yes,,,Pokémon Stadium 2,Wolf,Chrom
Dark Pit,Marth,Mutual Agreement,Smashville,,,,,,Smashville,Final Destination,Kalos Pokémon League,Dark Pit,Marth,Yes,Battlefield,Lylat Cruise,Pokémon Stadium 2,Dark Pit,Marth
Dark Samus,Snake,Mutual Agreement,Smashville,,,,,,Final Destination,Yoshi's Island (Brawl),Smashville,Dark Samus,Snake,Yes,Final Destination,Kalos Pokémon League,Pokémon Stadium 2,Dark Samus,Snake
Lucina,Wolf,Mutual Agreement,Smashville,,,,,,Final Destination,Lylat Cruise,Pokémon Stadium 2,Lucina,Wolf,Yes,Final Destination,Yoshi's Island (Brawl),Smashville,Lucina,Wolf
Wolf,Link,Mutual Agreement,Smashville,,,,,,Final Destination,Kalos Pokémon League,Battlefield,Wolf,Link,No,,,,,
Palutena,Piranha Plant,Mutual Agreement,Smashville,,,,,,Yoshi's Island (Brawl),Yoshi's Story,Kalos Pokémon League,Palutena,Piranha Plant,No,,,,,
Palutena,Yoshi,Mutual Agreement,Smashville,,,,,,Lylat Cruise,Yoshi's Story,Smashville,Palutena,Yoshi,No,,,,,
Ness,Bowser,Mutual Agreement,Smashville,,,,,,Battlefield,Yoshi's Story,Town And City,Ness,Mario,No,,,,,
Zelda,Palutena,Mutual Agreement,Smashville,,,,,,Yoshi's Island (Brawl),Yoshi's Story,Town And City,Zelda,Palutena,No,,,,,
Lucina,Mewtwo,Mutual Agreement,Smashville,,,,,,Final Destination,Kalos Pokémon League,Yoshi's Story,Lucina,Yoshi,No,,,,,
King Dedede,Captain Falcon,Mutual Agreement,Smashville,,,,,,,,Yoshi's Story,Villager,Captain Falcon,No,,,,,
Lucina,Wolf,Mutual Agreement,Smashville,,,,,,Final Destination,Yoshi's Island (Brawl),,Wolf,Wolf,No,,,,,
King Dedede,Snake,Mutual Agreement,Smashville,,,,,,Lylat Cruise,Yoshi's Story,,Young Link,Snake,No,,,,,
Zero Suit Samus,Lucas,Mutual Agreement,Smashville,,,,,,Lylat Cruise,Yoshi's Island (Brawl),Yoshi's Story,Zero Suit Samus,Lucas,Yes,Final Destination,Kalos Pokémon League,,Zero Suit Samus,Lucas
Link,Dr. Mario,Mutual Agreement,Town And City,,,,,,,,Battlefield,Link,Dr. Mario,Yes,,,Kalos Pokémon League,Link,Dr. Mario
Fox,Pokemon Trainer,Mutual Agreement,Town And City,,,,,,Final Destination,Kalos Pokémon League,Battlefield,Fox,Pokemon Trainer,No,,,,,
Ganondorf,Inkling,Mutual Agreement,Town And City,,,,,,,,Battlefield,Bowser,Inkling,No,,,,,
Bowser,Link,Mutual Agreement,Town And City,,,,,,Final Destination,Lylat Cruise,Kalos Pokémon League,Bowser,Link,No,,,,,
Palutena,R.O.B.,Mutual Agreement,Town And City,,,,,,Final Destination,Kalos Pokémon League,Pokémon Stadium 2,Palutena,R.O.B.,No,,,,,
Dark Pit,Wolf,Mutual Agreement,Town And City,,,,,,Lylat Cruise,Yoshi's Island (Brawl),Pokémon Stadium 2,Dark Pit,Wolf,No,,,,,
Pikachu,Daisy,Mutual Agreement,Town And City,,,,,,Battlefield,Kalos Pokémon League,Yoshi's Island (Brawl),Pikachu,Jigglypuff,No,,,,,
Snake,Lucina,Mutual Agreement,Town And City,,,,,,Battlefield,Yoshi's Island (Brawl),,Snake,Lucina,No,,,,,
Pichu,Olimar,Mutual Agreement,Town And City,,,,,,Battlefield,Yoshi's Story,,Pichu,Olimar,No,,,,,
Fox,Pokemon Trainer,Mutual Agreement,Town And City,,,,,,Lylat Cruise,Yoshi's Island (Brawl),,Fox,Pokemon Trainer,No,,,,,
Ridley,Lucas,Striking,Battlefield,#1 (P1),#4 (P1),Chosen Stage,#2 (P2),#3 (P2),Pokémon Stadium 2,Lylat Cruise,Smashville,Ganondorf,Lucas,Yes,Lylat Cruise,Yoshi's Story,Final Destination,Ganondorf,Duck Hunt
Palutena,Villager,Striking,Battlefield,#2 (P2),#4 (P1),Chosen Stage,#1 (P1),#3 (P2),Final Destination,Kalos Pokémon League,Yoshi's Story,Palutena,Villager,Yes,Pokémon Stadium 2,Yoshi's Island (Brawl),Lylat Cruise,Palutena,Villager
Mario,Wolf,Striking,Battlefield,#3 (P2),#2 (P2),Chosen Stage,#1 (P1),#4 (P1),Final Destination,Kalos Pokémon League,Yoshi's Story,Mario,Wolf,Yes,Pokémon Stadium 2,Final Destination,Lylat Cruise,Mario,Wolf
Fox,Cloud,Striking,Battlefield,#4 (P1),#3 (P2),Chosen Stage,#2 (P2),#1 (P1),Lylat Cruise,Yoshi's Island (Brawl),Final Destination,Fox,Little Mac,Yes,Battlefield,Kalos Pokémon League,Smashville,Fox,Little Mac
Mega Man,R.O.B.,Striking,Battlefield,#3 (P2),#1 (P1),Chosen Stage,#2 (P2),#4 (P1),Lylat Cruise,Yoshi's Island (Brawl),Pokémon Stadium 2,Mega Man,Mii Gunner,Yes,Smashville,Battlefield,Town And City,Mega Man,Mii Gunner
Mr. Game & Watch,Bowser,Striking,Battlefield,#1 (P1),#4 (P1),Chosen Stage,#3 (P2),#2 (P2),Final Destination,Kalos Pokémon League,Pokémon Stadium 2,Mr. Game & Watch,Bowser,Yes,Battlefield,Lylat Cruise,Yoshi's Island (Brawl),Mr. Game & Watch,Bowser
Mr. Game & Watch,Bowser,Striking,Battlefield,#2 (P2),#4 (P1),Chosen Stage,#3 (P2),#1 (P1),Final Destination,Lylat Cruise,Pokémon Stadium 2,Donkey Kong,Ganondorf,Yes,Smashville,Town And City,Yoshi's Story,Mr. Game & Watch,Bowser
Inkling,Pit,Striking,Battlefield,#1 (P1),#3 (P2),Chosen Stage,#2 (P2),#4 (P1),Smashville,Final Destination,Pokémon Stadium 2,Inkling,Pit,Yes,Lylat Cruise,Kalos Pokémon League,Yoshi's Story,Inkling,Pit
R.O.B.,Samus,Striking,Battlefield,#1 (P1),#4 (P1),Chosen Stage,#3 (P2),#2 (P2),Final Destination,Kalos Pokémon League,,R.O.B.,Samus,Yes,Lylat Cruise,Yoshi's Island (Brawl),Yoshi's Story,R.O.B.,Samus
Link,Mewtwo,Striking,Battlefield,#4 (P1),#3 (P2),Chosen Stage,#2 (P2),#1 (P1),Final Destination,Lylat Cruise,Battlefield,Mewtwo,Link,No,,,,,
Peach,Yoshi,Striking,Battlefield,#1 (P1),#2 (P2),Chosen Stage,#3 (P2),#4 (P1),Final Destination,Kalos Pokémon League,Battlefield,Peach,Yoshi,No,,,,,
Lucario,Lucina,Striking,Battlefield,#1 (P1),#4 (P1),Chosen Stage,#3 (P2),#2 (P2),Lylat Cruise,Yoshi's Island (Brawl),Battlefield,,,No,,,,,
Lucario,Samus,Striking,Battlefield,#4 (P1),#1 (P1),Chosen Stage,#2 (P2),#3 (P2),Smashville,Yoshi's Island (Brawl),Battlefield,Lucario,Samus,No,,,,,
Pit,King K. Rool,Striking,Battlefield,#2 (P2),#3 (P2),Chosen Stage,#1 (P1),#4 (P1),,,Battlefield,Pit,King K. Rool,No,,,,,
Corrin,Link,Striking,Battlefield,#1 (P1),#3 (P2),Chosen Stage,#2 (P2),#4 (P1),Lylat Cruise,Yoshi's Story,Final Destination,Corrin,Link,No,,,,,
Wolf,Pit,Striking,Battlefield,#4 (P1),#3 (P2),Chosen Stage,#1 (P1),#2 (P2),Lylat Cruise,Yoshi's Island (Brawl),Kalos Pokémon League,Wolf,Pit,No,,,,,
Snake,Bowser,Striking,Battlefield,#2 (P2),#1 (P1),Chosen Stage,#4 (P1),#3 (P2),Pokémon Stadium 2,Final Destination,Kalos Pokémon League,Snake,Bowser,No,,,,,
Wolf,Piranha Plant,Striking,Battlefield,#3 (P2),#2 (P2),Chosen Stage,#4 (P1),#1 (P1),Smashville,Yoshi's Island (Brawl),Kalos Pokémon League,Wolf,Lucina,No,,,,,
Villager,Ike,Striking,Battlefield,#1 (P1),#2 (P2),Chosen Stage,#4 (P1),#3 (P2),Smashville,Final Destination,Kalos Pokémon League,Villager,Ike,No,,,,,
Villager,Ike,Striking,Battlefield,#1 (P1),#2 (P2),Chosen Stage,#3 (P2),#4 (P1),Smashville,Final Destination,Kalos Pokémon League,Villager,Ike,No,,,,,
Shulk,Shulk,Striking,Battlefield,#4 (P1),#3 (P2),Chosen Stage,#2 (P2),#1 (P1),Final Destination,Yoshi's Island (Brawl),Lylat Cruise,Shulk,Shulk,No,,,,,
Dark Samus,Ridley,Striking,Battlefield,#1 (P1),#2 (P2),Chosen Stage,#4 (P1),#3 (P2),Final Destination,Kalos Pokémon League,Lylat Cruise,,,No,,,,,
Bayonetta,Lucina,Striking,Battlefield,#1 (P1),#3 (P2),Chosen Stage,#2 (P2),#4 (P1),Final Destination,Kalos Pokémon League,Lylat Cruise,Bayonetta,Lucina,No,,,,,
Roy,R.O.B.,Striking,Battlefield,#1 (P1),#2 (P2),Chosen Stage,#3 (P2),#4 (P1),Pokémon Stadium 2,Town And City,Lylat Cruise,Pichu,R.O.B.,No,,,,,
Palutena,Lucina,Striking,Battlefield,#3 (P2),#4 (P1),Chosen Stage,#1 (P1),#2 (P2),Smashville,Final Destination,Lylat Cruise,Palutena,Lucina,No,,,,,
Ridley,Rosalina,Striking,Battlefield,#2 (P2),#4 (P1),Chosen Stage,#1 (P1),#3 (P2),Smashville,Yoshi's Island (Brawl),Lylat Cruise,Ridley,Rosalina,No,,,,,
Ridley,Rosalina,Striking,Battlefield,#2 (P2),#4 (P1),Chosen Stage,#1 (P1),#3 (P2),Smashville,Yoshi's Island (Brawl),Lylat Cruise,Ridley,Rosalina,No,,,,,
Young Link,Samus,Striking,Battlefield,#2 (P2),#3 (P2),Chosen Stage,#1 (P1),#4 (P1),Smashville,Yoshi's Island (Brawl),Lylat Cruise,Mario,Samus,No,,,,,
Palutena,Pikachu,Striking,Battlefield,#3 (P2),#1 (P1),Chosen Stage,#2 (P2),#4 (P1),Final Destination,Yoshi's Island (Brawl),Pokémon Stadium 2,Palutena,Pikachu,No,,,,,
Cloud,Palutena,Striking,Battlefield,#2 (P2),#3 (P2),Chosen Stage,#1 (P1),#4 (P1),Lylat Cruise,Yoshi's Island (Brawl),Pokémon Stadium 2,Cloud,Palutena,No,,,,,
Fox,Yoshi,Striking,Battlefield,#2 (P2),#1 (P1),Chosen Stage,#3 (P2),#4 (P1),Lylat Cruise,Kalos Pokémon League,Pokémon Stadium 2,Fox,Yoshi,No,,,,,
Cloud,Yoshi,Striking,Battlefield,#1 (P1),#3 (P2),Chosen Stage,#2 (P2),#4 (P1),Smashville,Final Destination,Pokémon Stadium 2,Cloud,Yoshi,No,,,,,
Pokemon Trainer,Meta Knight,Striking,Battlefield,#1 (P1),#2 (P2),Chosen Stage,#3 (P2),#4 (P1),Yoshi's Island (Brawl),Kalos Pokémon League,Pokémon Stadium 2,Bayonetta,Meta Knight,No,,,,,
Lucina,Villager,Striking,Battlefield,#2 (P2),#3 (P2),Chosen Stage,#1 (P1),#4 (P1),Smashville,Yoshi's Island (Brawl),Smashville,Mewtwo,Villager,No,,,,,
Robin,Ridley,Striking,Battlefield,#4 (P1),#2 (P2),Chosen Stage,#1 (P1),#3 (P2),Final Destination,Yoshi's Island (Brawl),Town And City,Robin,Ridley,No,,,,,
Donkey Kong,Inkling,Striking,Battlefield,#1 (P1),#2 (P2),Chosen Stage,#3 (P2),#4 (P1),Final Destination,Lylat Cruise,Town And City,Donkey Kong,Inkling,No,,,,,
Mewtwo,Yoshi,Striking,Battlefield,#3 (P2),#2 (P2),Chosen Stage,#1 (P1),#4 (P1),Pokémon Stadium 2,Final Destination,Town And City,Bowser Jr.,Yoshi,No,,,,,
Peach,Yoshi,Striking,Battlefield,#2 (P2),#3 (P2),Chosen Stage,#1 (P1),#4 (P1),Pokémon Stadium 2,Final Destination,Town And City,Peach,Yoshi,No,,,,,
Lucina,Fox,Striking,Battlefield,#2 (P2),#1 (P1),Chosen Stage,#3 (P2),#4 (P1),Yoshi's Island (Brawl),Yoshi's Story,Town And City,Lucina,Fox,No,,,,,
Snake,Wolf,Striking,Battlefield,#1 (P1),#2 (P2),Chosen Stage,#3 (P2),#4 (P1),Yoshi's Island (Brawl),Yoshi's Story,Town And City,Snake,Wolf,No,,,,,
Zero Suit Samus,Yoshi,Striking,Battlefield,#1 (P1),#3 (P2),Chosen Stage,#4 (P1),#2 (P2),Lylat Cruise,Yoshi's Story,Yoshi's Island (Brawl),Zero Suit Samus,Yoshi,No,,,,,
Mega Man,Marth,Striking,Battlefield,#3 (P2),#2 (P2),Chosen Stage,#4 (P1),#1 (P1),Final Destination,Kalos Pokémon League,Yoshi's Story,Mega Man,Marth,No,,,,,
Lucario,Simon Belmont,Striking,Battlefield,#1 (P1),#3 (P2),Chosen Stage,#2 (P2),#4 (P1),Pokémon Stadium 2,Lylat Cruise,Yoshi's Story,Lucario,Simon Belmont,No,,,,,
King K. Rool,Snake,Striking,Battlefield,#4 (P1),#1 (P1),Chosen Stage,#2 (P2),#3 (P2),Smashville,Town And City,Yoshi's Story,King K. Rool,Snake,No,,,,,
Palutena,Bowser,Striking,Battlefield,#1 (P1),#2 (P2),Chosen Stage,#3 (P2),#4 (P1),Smashville,Yoshi's Island (Brawl),Yoshi's Story,Palutena,Bowser,No,,,,,
Yoshi,Cloud,Striking,Battlefield,#3 (P2),#1 (P1),Chosen Stage,#2 (P2),#4 (P1),Final Destination,Yoshi's Island (Brawl),,Yoshi,Cloud,No,,,,,
Yoshi,Cloud,Striking,Battlefield,#3 (P2),#1 (P1),Chosen Stage,#2 (P2),#4 (P1),Final Destination,Yoshi's Island (Brawl),,Yoshi,Cloud,No,,,,,
Pichu,Pokemon Trainer,Striking,Battlefield,#4 (P1),#1 (P1),Chosen Stage,#2 (P2),#3 (P2),Lylat Cruise,Kalos Pokémon League,,Pichu,Pokemon Trainer,No,,,,,
Ridley,Fox,Striking,Battlefield,#1 (P1),#3 (P2),Chosen Stage,#2 (P2),#4 (P1),Lylat Cruise,Yoshi's Island (Brawl),,Ganondorf,Fox,No,,,,,
Yoshi,Greninja,Striking,Battlefield,#2 (P2),#4 (P1),Chosen Stage,#1 (P1),#3 (P2),Pokémon Stadium 2,Kalos Pokémon League,,Yoshi,Greninja,No,,,,,
Yoshi,Samus,Striking,Battlefield,#2 (P2),#3 (P2),Chosen Stage,#1 (P1),#4 (P1),Smashville,Final Destination,,Yoshi,Samus,No,,,,,
Roy,Pokemon Trainer,Striking,Battlefield,#2 (P2),#1 (P1),Chosen Stage,#3 (P2),#4 (P1),Town And City,Lylat Cruise,,Roy,Pokemon Trainer,No,,,,,
Pit,Inkling,Striking,Battlefield,#4 (P1),#3 (P2),Chosen Stage,#1 (P1),#2 (P2),Yoshi's Island (Brawl),Kalos Pokémon League,,Pit,Inkling,No,,,,,
Roy,Peach,Striking,Battlefield,#1 (P1),#2 (P2),Chosen Stage,#3 (P2),#4 (P1),Yoshi's Island (Brawl),Kalos Pokémon League,,Roy,Palutena,No,,,,,
Lucina,Little Mac,Striking,Battlefield,#2 (P2),#1 (P1),Chosen Stage,#3 (P2),#4 (P1),,,,Lucina,Little Mac,No,,,,,
Captain Falcon,Donkey Kong,Striking,Battlefield,#1 (P1),#2 (P2),Chosen Stage,#3 (P2),#4 (P1),,,,,,No,,,,,
Pokemon Trainer,Inkling,Striking,Battlefield,#2 (P2),#4 (P1),Chosen Stage,#1 (P1),#3 (P2),Smashville,Lylat Cruise,Final Destination,Pokemon Trainer,Inkling,Yes,Smashville,Yoshi's Story,,Pokemon Trainer,Inkling
Inkling,Shulk,Striking,Battlefield,#3 (P2),#4 (P1),Chosen Stage,#1 (P1),#2 (P2),Final Destination,Town And City,Pokémon Stadium 2,Inkling,Shulk,Yes,Battlefield,Yoshi's Island (Brawl),,Inkling,Shulk
Fox,Chrom,Striking,Battlefield,#2 (P2),#4 (P1),Chosen Stage,#1 (P1),#3 (P2),Final Destination,Yoshi's Island (Brawl),Smashville,Fox,Chrom,Yes,Final Destination,Kalos Pokémon League,,Fox,Chrom
Fox,Chrom,Striking,Battlefield,#2 (P2),#4 (P1),Chosen Stage,#1 (P1),#3 (P2),Final Destination,Yoshi's Island (Brawl),Smashville,Fox,Chrom,Yes,Final Destination,Kalos Pokémon League,,Fox,Chrom
Pac-Man,Wolf,Striking,Battlefield,#1 (P1),#2 (P2),Chosen Stage,#3 (P2),#4 (P1),Lylat Cruise,Kalos Pokémon League,Town And City,Pac-Man,Wolf,Yes,,,,Pac-Man,Wolf
Donkey Kong,Marth,Striking,Battlefield,#1 (P1),#3 (P2),Chosen Stage,#2 (P2),#4 (P1),Final Destination,Kalos Pokémon League,,Donkey Kong,Sheik,Yes,Town And City,Lylat Cruise,,Donkey Kong,Sheik
Meta Knight,Ridley,Striking,Final Destination,#1 (P1),#2 (P2),#3 (P2),Chosen Stage,#4 (P1),Yoshi's Island (Brawl),Kalos Pokémon League,Final Destination,Meta Knight,Dr. Mario,Yes,Smashville,Lylat Cruise,Final Destination,Meta Knight,Dr. Mario
Lucina,Pichu,Striking,Final Destination,#3 (P2),#1 (P1),#2 (P2),Chosen Stage,#2 (P2),Battlefield,Yoshi's Story,Pokémon Stadium 2,Lucina,Pichu,Yes,Smashville,Yoshi's Island (Brawl),Kalos Pokémon League,Lucina,Pichu
Snake,Richter,Striking,Final Destination,#3 (P2),#2 (P2),#2 (P2),Chosen Stage,#1 (P1),Lylat Cruise,Yoshi's Story,Pokémon Stadium 2,Snake,Richter,Yes,Smashville,Final Destination,Kalos Pokémon League,Snake,Richter
Lucina,Pichu,Striking,Final Destination,#4 (P1),#1 (P1),#2 (P2),Chosen Stage,#3 (P2),Battlefield,Yoshi's Story,,Lucina,Pichu,Yes,Smashville,Yoshi's Island (Brawl),Kalos Pokémon League,Lucina,Pichu
King Dedede,Duck Hunt,Striking,Final Destination,#4 (P1),#2 (P2),#3 (P2),Chosen Stage,#1 (P1),Lylat Cruise,Kalos Pokémon League,Town And City,King Dedede,Duck Hunt,Yes,Battlefield,Yoshi's Story,Pokémon Stadium 2,King Dedede,Duck Hunt
Wario,Ridley,Striking,Final Destination,#2 (P2),#3 (P2),#4 (P1),Chosen Stage,#1 (P1),Lylat Cruise,Kalos Pokémon League,Battlefield,Bayonetta,Ridley,No,,,,,
Shulk,Richter,Striking,Final Destination,#4 (P1),#2 (P2),#3 (P2),Chosen Stage,#1 (P1),Smashville,Yoshi's Island (Brawl),Final Destination,Shulk,Richter,No,,,,,
Lucina,Lucario,Striking,Final Destination,#3 (P2),#2 (P2),#1 (P1),Chosen Stage,#4 (P1),Battlefield,Town And City,Kalos Pokémon League,Lucina,Lucario,No,,,,,
Pokemon Trainer,R.O.B.,Striking,Final Destination,#4 (P1),#2 (P2),#3 (P2),Chosen Stage,#1 (P1),Lylat Cruise,Kalos Pokémon League,Pokémon Stadium 2,Pokemon Trainer,R.O.B.,No,,,,,
Snake,Richter,Striking,Final Destination,#4 (P1),#2 (P2),#3 (P2),Chosen Stage,#1 (P1),Lylat Cruise,Yoshi's Story,Pokémon Stadium 2,Snake,Richter,No,,,,,
Lucas,Captain Falcon,Striking,Final Destination,#2 (P2),#3 (P2),#1 (P1),Chosen Stage,#4 (P1),Lylat Cruise,Kalos Pokémon League,Pokémon Stadium 2,Lucas,Captain Falcon,No,,,,,
Lucario,Meta Knight,Striking,Final Destination,#3 (P2),#4 (P1),#2 (P2),Chosen Stage,#1 (P1),Lylat Cruise,Yoshi's Island (Brawl),Smashville,Lucario,Meta Knight,No,,,,,
Yoshi,Piranha Plant,Striking,Final Destination,#3 (P2),#2 (P2),#1 (P1),Chosen Stage,#4 (P1),Pokémon Stadium 2,Battlefield,Yoshi's Island (Brawl),Yoshi,Piranha Plant,No,,,,,
Pikachu,Lucario,Striking,Final Destination,#3 (P2),#2 (P2),#1 (P1),Chosen Stage,#3 (P2),Lylat Cruise,Yoshi's Island (Brawl),,Zelda,Lucario,No,,,,,
Wolf,Ridley,Striking,Final Destination,#1 (P1),#3 (P2),#4 (P1),Chosen Stage,#2 (P2),Yoshi's Island (Brawl),Kalos Pokémon League,,Wolf,Ridley,No,,,,,
Kirby,Snake,Striking,Pokémon Stadium 2,Chosen Stage,#1 (P1),#2 (P2),#3 (P2),#4 (P1),Town And City,Kalos Pokémon League,Final Destination,Bowser,Snake,Yes,Battlefield,Yoshi's Story,Final Destination,Bowser,Snake
Wolf,Kirby,Striking,Pokémon Stadium 2,Chosen Stage,#1 (P1),#2 (P2),#3 (P2),#4 (P1),Battlefield,Yoshi's Story,Pokémon Stadium 2,Wolf,Kirby,Yes,Lylat Cruise,Yoshi's Island (Brawl),Final Destination,Wolf,Kirby
Palutena,Luigi,Striking,Pokémon Stadium 2,Chosen Stage,#1 (P1),#3 (P2),#4 (P1),#2 (P2),Lylat Cruise,Yoshi's Island (Brawl),Battlefield,Palutena,Luigi,Yes,Final Destination,Yoshi's Island (Brawl),Kalos Pokémon League,Palutena,Luigi
Palutena,Roy,Striking,Pokémon Stadium 2,Chosen Stage,#4 (P1),#2 (P2),#1 (P1),#3 (P2),Lylat Cruise,Yoshi's Island (Brawl),Battlefield,Palutena,Roy,Yes,Final Destination,Yoshi's Island (Brawl),Kalos Pokémon League,Palutena,Roy
Pichu,Lucina,Striking,Pokémon Stadium 2,Chosen Stage,#1 (P1),#2 (P2),#4 (P1),#3 (P2),Smashville,Lylat Cruise,Final Destination,Pichu,Lucina,Yes,Battlefield,Yoshi's Story,Kalos Pokémon League,Pichu,Lucina
Pichu,Lucina,Striking,Pokémon Stadium 2,Chosen Stage,#1 (P1),#2 (P2),#3 (P2),#4 (P1),Smashville,Lylat Cruise,Final Destination,Pichu,Lucina,Yes,Battlefield,Yoshi's Story,Kalos Pokémon League,Pichu,Lucina
Wario,Ridley,Striking,Pokémon Stadium 2,Chosen Stage,#3 (P2),#2 (P2),#4 (P1),#1 (P1),Battlefield,Yoshi's Story,Pokémon Stadium 2,Mr. Game & Watch,Ridley,Yes,Lylat Cruise,Yoshi's Island (Brawl),Kalos Pokémon League,Mr. Game & Watch,Ridley
Mewtwo,Ness,Striking,Pokémon Stadium 2,Chosen Stage,#1 (P1),#4 (P1),#2 (P2),#3 (P2),Final Destination,Yoshi's Story,Pokémon Stadium 2,Mewtwo,Donkey Kong,Yes,Final Destination,Lylat Cruise,Kalos Pokémon League,Mewtwo,Donkey Kong
Lucina,Richter,Striking,Pokémon Stadium 2,Chosen Stage,#1 (P1),#4 (P1),#3 (P2),#2 (P2),Yoshi's Island (Brawl),Yoshi's Story,Final Destination,Lucina,Richter,Yes,Pokémon Stadium 2,Battlefield,Lylat Cruise,Lucina,Cloud
Mewtwo,Ness,Striking,Pokémon Stadium 2,Chosen Stage,#1 (P1),#4 (P1),#2 (P2),#3 (P2),Final Destination,Yoshi's Story,Pokémon Stadium 2,Mewtwo,Donkey Kong,Yes,Final Destination,Yoshi's Story,Pokémon Stadium 2,Mewtwo,Donkey Kong
Shulk,Pikachu,Striking,Pokémon Stadium 2,Chosen Stage,#3 (P2),#4 (P1),#2 (P2),#1 (P1),Battlefield,Final Destination,Pokémon Stadium 2,Shulk,Pikachu,Yes,Lylat Cruise,Yoshi's Island (Brawl),Smashville,Shulk,Pikachu
Wolf,Duck Hunt,Striking,Pokémon Stadium 2,Chosen Stage,#2 (P2),#3 (P2),#1 (P1),#4 (P1),Final Destination,Lylat Cruise,Town And City,Wolf,Duck Hunt,Yes,Battlefield,Yoshi's Story,Smashville,Wolf,Duck Hunt
Ridley,Link,Striking,Pokémon Stadium 2,Chosen Stage,#2 (P2),#4 (P1),#1 (P1),#3 (P2),Final Destination,Kalos Pokémon League,Battlefield,Falco,Lucina,Yes,Lylat Cruise,Yoshi's Island (Brawl),Town And City,Ridley,Lucina
Fox,Wolf,Striking,Pokémon Stadium 2,Chosen Stage,#1 (P1),#3 (P2),#4 (P1),#2 (P2),Final Destination,Town And City,Kalos Pokémon League,Fox,Wolf,Yes,Pokémon Stadium 2,Smashville,Town And City,Fox,Piranha Plant
Pichu,Bowser Jr.,Striking,Pokémon Stadium 2,Chosen Stage,#2 (P2),#1 (P1),#2 (P2),#3 (P2),Battlefield,Yoshi's Story,Pokémon Stadium 2,Pichu,Bowser Jr.,Yes,Final Destination,Kalos Pokémon League,Town And City,Pichu,Bowser Jr.
Pichu,Bowser Jr.,Striking,Pokémon Stadium 2,Chosen Stage,#2 (P2),#1 (P1),#3 (P2),#4 (P1),Battlefield,Yoshi's Story,Pokémon Stadium 2,Pichu,Bowser Jr.,Yes,Final Destination,Kalos Pokémon League,Town And City,Pichu,Bowser Jr.
Corrin,Lucina,Striking,Pokémon Stadium 2,Chosen Stage,#1 (P1),#4 (P1),#2 (P2),#3 (P2),Kalos Pokémon League,Yoshi's Story,Battlefield,Corrin,Lucina,No,,,,,
Corrin,Lucina,Striking,Pokémon Stadium 2,Chosen Stage,#1 (P1),#3 (P2),#2 (P2),#4 (P1),Kalos Pokémon League,Yoshi's Story,Battlefield,Corrin,Lucina,No,,,,,
Palutena,Pac-Man,Striking,Pokémon Stadium 2,Chosen Stage,#3 (P2),#2 (P2),#1 (P1),#4 (P1),Lylat Cruise,Yoshi's Island (Brawl),Battlefield,Palutena,Pac-Man,No,,,,,
Mega Man,Rosalina,Striking,Pokémon Stadium 2,Chosen Stage,#1 (P1),#4 (P1),#3 (P2),#2 (P2),Yoshi's Island (Brawl),Yoshi's Story,Battlefield,Mega Man,Ike,No,,,,,
Pikachu,Young Link,Striking,Pokémon Stadium 2,Chosen Stage,#1 (P1),#2 (P2),#4 (P1),#3 (P2),Battlefield,Yoshi's Island (Brawl),Final Destination,Pikachu,Young Link,No,,,,,
Pichu,Lucas,Striking,Pokémon Stadium 2,Chosen Stage,#2 (P2),#3 (P2),#4 (P1),#1 (P1),Kalos Pokémon League,Yoshi's Story,Final Destination,Pichu,Lucas,No,,,,,
Donkey Kong,Zero Suit Samus,Striking,Pokémon Stadium 2,Chosen Stage,#1 (P1),#2 (P2),#4 (P1),#3 (P2),Town And City,Yoshi's Island (Brawl),Final Destination,Mario,Zero Suit Samus,No,,,,,
Pichu,Pac-Man,Striking,Pokémon Stadium 2,Chosen Stage,#4 (P1),#1 (P1),#2 (P2),#3 (P2),Battlefield,Final Destination,Kalos Pokémon League,Pichu,Pac-Man,No,,,,,
Pit,Donkey Kong,Striking,Pokémon Stadium 2,Chosen Stage,#1 (P1),#2 (P2),#4 (P1),#3 (P2),Battlefield,Lylat Cruise,Kalos Pokémon League,Pit,Donkey Kong,No,,,,,
Palutena,Bowser,Striking,Pokémon Stadium 2,Chosen Stage,#3 (P2),#2 (P2),#1 (P1),#4 (P1),Battlefield,Yoshi's Story,Lylat Cruise,Palutena,Bowser,No,,,,,
Peach,Yoshi,Striking,Pokémon Stadium 2,Chosen Stage,#1 (P1),#4 (P1),#2 (P2),#3 (P2),Final Destination,Town And City,Pokémon Stadium 2,Lucina,Yoshi,No,,,,,
Zelda,Wolf,Striking,Pokémon Stadium 2,Chosen Stage,#1 (P1),#2 (P2),#3 (P2),#4 (P1),Yoshi's Island (Brawl),Yoshi's Story,Pokémon Stadium 2,Zelda,Captain Falcon,No,,,,,
Pichu,Mario,Striking,Pokémon Stadium 2,Chosen Stage,#4 (P1),#1 (P1),#2 (P2),#3 (P2),Battlefield,Yoshi's Story,Smashville,Pichu,Mario,No,,,,,
Snake,Ike,Striking,Pokémon Stadium 2,Chosen Stage,#1 (P1),#4 (P1),#2 (P2),#3 (P2),Battlefield,Town And City,Smashville,Snake,Ike,No,,,,,
Pichu,Dark Samus,Striking,Pokémon Stadium 2,Chosen Stage,#1 (P1),#2 (P2),#4 (P1),#3 (P2),Battlefield,Lylat Cruise,Smashville,Pichu,Richter,No,,,,,
Jigglypuff,Ike,Striking,Pokémon Stadium 2,Chosen Stage,#2 (P2),#4 (P1),#1 (P1),#3 (P2),Final Destination,Kalos Pokémon League,Smashville,Jigglypuff,Ike,No,,,,,
Kirby,Palutena,Striking,Pokémon Stadium 2,Chosen Stage,#3 (P2),#1 (P1),#2 (P2),#4 (P1),Final Destination,Yoshi's Island (Brawl),Smashville,Kirby,Palutena,No,,,,,
Donkey Kong,Pokemon Trainer,Striking,Pokémon Stadium 2,Chosen Stage,#1 (P1),#2 (P2),#4 (P1),#3 (P2),Town And City,Kalos Pokémon League,Smashville,Donkey Kong,Pokemon Trainer,No,,,,,
Wolf,Young Link,Striking,Pokémon Stadium 2,Chosen Stage,#1 (P1),#2 (P2),#3 (P2),#2 (P2),Battlefield,Lylat Cruise,Town And City,Wolf,Mr. Game & Watch,No,,,,,
Wolf,Young Link,Striking,Pokémon Stadium 2,Chosen Stage,#1 (P1),#2 (P2),#3 (P2),#4 (P1),Battlefield,Lylat Cruise,Town And City,Wolf,Mr. Game & Watch,No,,,,,
Kirby,Robin,Striking,Pokémon Stadium 2,Chosen Stage,#1 (P1),#2 (P2),#3 (P2),#4 (P1),Battlefield,Yoshi's Story,Town And City,Kirby,Meta Knight,No,,,,,
Pichu,Cloud,Striking,Pokémon Stadium 2,Chosen Stage,#4 (P1),#1 (P1),#2 (P2),#3 (P2),Final Destination,Yoshi's Island (Brawl),Town And City,Pichu,Cloud,No,,,,,
Pikachu,Pichu,Striking,Pokémon Stadium 2,Chosen Stage,#1 (P1),#2 (P2),#4 (P1),#3 (P2),Lylat Cruise,Kalos Pokémon League,Yoshi's Story,Pikachu,Pichu,No,,,,,
Pikachu,Pichu,Striking,Pokémon Stadium 2,Chosen Stage,#1 (P1),#2 (P2),#4 (P1),#3 (P2),Lylat Cruise,Kalos Pokémon League,Yoshi's Story,Pikachu,Pichu,No,,,,,
Lucario,Dr. Mario,Striking,Pokémon Stadium 2,Chosen Stage,#1 (P1),#2 (P2),#4 (P1),#3 (P2),Smashville,Yoshi's Island (Brawl),Yoshi's Story,Lucario,Dr. Mario,No,,,,,
Pikachu,Lucina,Striking,Pokémon Stadium 2,Chosen Stage,#2 (P2),#1 (P1),#3 (P2),#4 (P1),Smashville,Battlefield,Yoshi's Story,Pikachu,Lucina,No,,,,,
Pichu,Lucina,Striking,Pokémon Stadium 2,Chosen Stage,#4 (P1),#1 (P1),#3 (P2),#2 (P2),Battlefield,Lylat Cruise,,Pichu,Lucina,No,,,,,
Shulk,Marth,Striking,Pokémon Stadium 2,Chosen Stage,#3 (P2),#1 (P1),#2 (P2),#4 (P1),Battlefield,Town And City,,Shulk,Marth,No,,,,,
Mewtwo,Donkey Kong,Striking,Pokémon Stadium 2,Chosen Stage,#1 (P1),#2 (P2),#3 (P2),#4 (P1),Final Destination,Yoshi's Island (Brawl),,Mewtwo,Ness,No,,,,,
[Unclear],Robin,Striking,Pokémon Stadium 2,Chosen Stage,#1 (P1),#2 (P2),#4 (P1),#3 (P2),Kalos Pokémon League,Yoshi's Story,,Wario,Robin,No,,,,,
Inkling,Samus,Striking,Pokémon Stadium 2,Chosen Stage,#1 (P1),#2 (P2),#4 (P1),#3 (P2),Smashville,Yoshi's Island (Brawl),,Inkling,Samus,No,,,,,
Fox,Sonic,Striking,Pokémon Stadium 2,Chosen Stage,#4 (P1),#1 (P1),#3 (P2),#2 (P2),Final Destination,Lylat Cruise,,Fox,Sonic,Yes,Battlefield,Yoshi's Story,,Fox,Sonic
Lucina,Ike,Striking,Pokémon Stadium 2,Chosen Stage,#2 (P2),#4 (P1),#1 (P1),#3 (P2),Final Destination,Kalos Pokémon League,,Lucina,Ike,Yes,Smashville,Yoshi's Island (Brawl),,Lucina,Ike
Lucina,Ike,Striking,Pokémon Stadium 2,Chosen Stage,#2 (P2),#1 (P1),#3 (P2),#4 (P1),Final Destination,Kalos Pokémon League,,Lucina,Ike,Yes,Smashville,Yoshi's Island (Brawl),,Lucina,Ike
Dr. Mario,Luigi,Striking,Smashville,#2 (P2),Chosen Stage,#1 (P1),#4 (P1),#3 (P2),Yoshi's Island (Brawl),Yoshi's Story,Pokémon Stadium 2,Dr. Mario,Luigi,Yes,Battlefield,Final Destination,Pokémon Stadium 2,Dr. Mario,Luigi
Wolf,Mario,Striking,Smashville,#3 (P2),Chosen Stage,#2 (P2),#1 (P1),#4 (P1),Battlefield,Yoshi's Story,Smashville,Wolf,Donkey Kong,Yes,Final Destination,Kalos Pokémon League,Pokémon Stadium 2,Bayonetta,Donkey Kong
Cloud,Pichu,Striking,Smashville,#1 (P1),Chosen Stage,#2 (P2),#4 (P1),#3 (P2),Final Destination,Yoshi's Island (Brawl),Town And City,Cloud,Pichu,Yes,Battlefield,Yoshi's Story,Pokémon Stadium 2,Cloud,Pichu
Mewtwo,Pit,Striking,Smashville,#1 (P1),Chosen Stage,#2 (P2),#3 (P2),#4 (P1),Pokémon Stadium 2,Town And City,Lylat Cruise,Mewtwo,Pit,Yes,Battlefield,Final Destination,Smashville,Mewtwo,Pit
Lucina,Daisy,Striking,Smashville,#4 (P1),Chosen Stage,#1 (P1),#3 (P2),#2 (P2),Battlefield,Yoshi's Island (Brawl),Lylat Cruise,Lucina,Daisy,Yes,Pokémon Stadium 2,Final Destination,Town And City,Lucina,Daisy
Wolf,Peach,Striking,Smashville,#2 (P2),Chosen Stage,#3 (P2),#1 (P1),#4 (P1),Lylat Cruise,Yoshi's Island (Brawl),Pokémon Stadium 2,Wolf,Peach,Yes,Smashville,Battlefield,Town And City,Wolf,Peach
Samus,Pokemon Trainer,Striking,Smashville,#1 (P1),Chosen Stage,#2 (P2),#3 (P2),#4 (P1),Final Destination,Yoshi's Story,Smashville,Samus,Pokemon Trainer,Yes,Final Destination,Kalos Pokémon League,Town And City,Samus,Pokemon Trainer
Greninja,Simon Belmont,Striking,Smashville,#3 (P2),Chosen Stage,#2 (P2),#1 (P1),#4 (P1),,,Smashville,Greninja,Mario,Yes,,,Town And City,Greninja,Mario
Zero Suit Samus,R.O.B.,Striking,Smashville,#4 (P1),Chosen Stage,#3 (P2),#1 (P1),#2 (P2),Final Destination,Kalos Pokémon League,Battlefield,Zero Suit Samus,R.O.B.,No,,,,,
Snake,Lucina,Striking,Smashville,#3 (P2),Chosen Stage,#2 (P2),#1 (P1),#4 (P1),Final Destination,Kalos Pokémon League,Battlefield,Snake,Lucina,No,,,,,
Captain Falcon,Palutena,Striking,Smashville,#1 (P1),Chosen Stage,#2 (P2),#3 (P2),#4 (P1),Final Destination,Yoshi's Island (Brawl),Battlefield,Captain Falcon,Palutena,No,,,,,
Palutena,Olimar,Striking,Smashville,#1 (P1),Chosen Stage,#4 (P1),#2 (P2),#3 (P2),Pokémon Stadium 2,Yoshi's Island (Brawl),Battlefield,Palutena,Olimar,No,,,,,
Lucario,Daisy,Striking,Smashville,#1 (P1),Chosen Stage,#2 (P2),#4 (P1),#3 (P2),Lylat Cruise,Yoshi's Story,Final Destination,Lucario,Daisy,No,,,,,
Meta Knight,Cloud,Striking,Smashville,#1 (P1),Chosen Stage,#3 (P2),#2 (P2),#4 (P1),Yoshi's Island (Brawl),Kalos Pokémon League,Final Destination,Meta Knight,Palutena,No,,,,,
Inkling,R.O.B.,Striking,Smashville,#1 (P1),Chosen Stage,#4 (P1),#2 (P2),#3 (P2),Lylat Cruise,Yoshi's Island (Brawl),Kalos Pokémon League,Duck Hunt,R.O.B.,No,,,,,
Wolf,Kirby,Striking,Smashville,#1 (P1),Chosen Stage,#2 (P2),#3 (P2),#4 (P1),Kalos Pokémon League,Yoshi's Story,Pokémon Stadium 2,Wolf,Kirby,No,,,,,
Marth,Dark Samus,Striking,Smashville,#4 (P1),Chosen Stage,#2 (P2),#1 (P1),#3 (P2),Lylat Cruise,Yoshi's Story,Smashville,Marth,Dark Samus,No,,,,,
Falco,Isabelle,Striking,Smashville,#1 (P1),Chosen Stage,#2 (P2),#3 (P2),#4 (P1),Lylat Cruise,Yoshi's Island (Brawl),Town And City,Falco,Isabelle,No,,,,,
Chrom,R.O.B.,Striking,Smashville,#1 (P1),Chosen Stage,#4 (P1),#2 (P2),#3 (P2),Yoshi's Island (Brawl),Kalos Pokémon League,Town And City,Chrom,R.O.B.,No,,,,,
Roy,Meta Knight,Striking,Smashville,#2 (P2),Chosen Stage,#3 (P2),#1 (P1),#4 (P1),Final Destination,Kalos Pokémon League,Yoshi's Island (Brawl),Roy,Meta Knight,No,,,,,
Pichu,Lucina,Striking,Smashville,#3 (P2),Chosen Stage,#1 (P1),#4 (P1),#2 (P2),Battlefield,Lylat Cruise,,Pichu,Lucina,No,,,,,
Lucina,Samus,Striking,Smashville,#4 (P1),Chosen Stage,#1 (P1),#3 (P2),#2 (P2),Final Destination,Yoshi's Island (Brawl),,Lucina,Samus,No,,,,,
Palutena,Chrom,Striking,Smashville,#3 (P2),Chosen Stage,#2 (P2),#1 (P1),#4 (P1),Final Destination,Kalos Pokémon League,,Palutena,Chrom,No,,,,,
Cloud,Pikachu,Striking,Smashville,#1 (P1),Chosen Stage,#2 (P2),#3 (P2),#4 (P1),Lylat Cruise,Yoshi's Island (Brawl),,Mario,Unclear,No,,,,,
Link,Wolf,Striking,Smashville,#3 (P2),Chosen Stage,#4 (P1),#2 (P2),#1 (P1),Pokémon Stadium 2,Town And City,,Link,Wolf,No,,,,,
Link,Wolf,Striking,Smashville,#3 (P2),Chosen Stage,#4 (P1),#2 (P2),#1 (P1),Pokémon Stadium 2,Town And City,,Link,Wolf,No,,,,,
Link,Wolf,Striking,Smashville,#3 (P2),Chosen Stage,#4 (P1),#2 (P2),#1 (P1),Pokémon Stadium 2,Town And City,,Link,Wolf,No,,,,,
Wolf,Roy,Striking,Smashville,#1 (P1),Chosen Stage,#2 (P2),#3 (P2),#4 (P1),,,,,,No,,,,,
Greninja,Cloud,Striking,Smashville,#4 (P1),Chosen Stage,#1 (P1),#2 (P2),#3 (P2),Battlefield,Yoshi's Story,Pokémon Stadium 2,Greninja,Cloud,Yes,Yoshi's Island (Brawl),Kalos Pokémon League,,Greninja,Cloud
Snake,Shulk,Striking,Smashville,#2 (P2),Chosen Stage,#1 (P1),#3 (P2),#4 (P1),Battlefield,Yoshi's Island (Brawl),,Snake,Shulk,Yes,Lylat Cruise,Kalos Pokémon League,,Snake,Shulk
Palutena,Yoshi,Striking,Town And City,#1 (P1),#2 (P2),#3 (P2),#4 (P1),Chosen Stage,Final Destination,Yoshi's Island (Brawl),Kalos Pokémon League,Palutena,Yoshi,Yes,Smashville,Town And City,Kalos Pokémon League,Palutena,Yoshi
Pokemon Trainer,Pit,Striking,Town And City,#1 (P1),#2 (P2),#3 (P2),#4 (P1),Chosen Stage,Pokémon Stadium 2,Final Destination,Kalos Pokémon League,Wolf,Pit,Yes,Pokémon Stadium 2,Yoshi's Island (Brawl),Kalos Pokémon League,Wolf,Pit
Young Link,Ken,Striking,Town And City,#4 (P1),#3 (P2),#1 (P1),#2 (P2),Chosen Stage,Battlefield,Yoshi's Story,Smashville,Young Link,Ken,Yes,Final Destination,Town And City,Kalos Pokémon League,Young Link,Ken
Bowser Jr.,Chrom,Striking,Town And City,#1 (P1),#2 (P2),#3 (P2),#4 (P1),Chosen Stage,Final Destination,Yoshi's Island (Brawl),Battlefield,Mewtwo,Chrom,Yes,Pokémon Stadium 2,Smashville,Lylat Cruise,Mewtwo,Chrom
Mario,Jigglypuff,Striking,Town And City,#2 (P2),#4 (P1),#3 (P2),#1 (P1),Chosen Stage,Battlefield,Final Destination,,Mario,Jigglypuff,Yes,Final Destination,Kalos Pokémon League,Lylat Cruise,Mario,Jigglypuff
Mario,Jigglypuff,Striking,Town And City,#2 (P2),#4 (P1),#3 (P2),#1 (P1),Chosen Stage,Battlefield,Final Destination,,Mario,Jigglypuff,Yes,Final Destination,Kalos Pokémon League,Lylat Cruise,Mario,Jigglypuff
Shulk,Meta Knight,Striking,Town And City,#3 (P2),#4 (P1),#1 (P1),#2 (P2),Chosen Stage,Lylat Cruise,Yoshi's Island (Brawl),Smashville,Shulk,Meta Knight,Yes,Yoshi's Island (Brawl),Kalos Pokémon League,Pokémon Stadium 2,Shulk,Young Link
Pokemon Trainer,Pit,Striking,Town And City,#2 (P2),#1 (P1),#2 (P2),#3 (P2),Chosen Stage,Pokémon Stadium 2,Final Destination,Kalos Pokémon League,Wolf,Pit,Yes,Pokémon Stadium 2,Yoshi's Island (Brawl),Smashville,Wolf,Pit
Peach,Yoshi,Striking,Town And City,#4 (P1),#3 (P2),#2 (P2),#1 (P1),Chosen Stage,Battlefield,Yoshi's Story,Lylat Cruise,Peach,Yoshi,Yes,Final Destination,Town And City,Smashville,Peach,Yoshi
Pichu,Pikachu,Striking,Town And City,#2 (P2),#4 (P1),#1 (P1),#3 (P2),Chosen Stage,Yoshi's Island (Brawl),Yoshi's Story,Smashville,Pichu,Pikachu,Yes,Final Destination,Lylat Cruise,Town And City,Pichu,Pikachu
Palutena,Wolf,Striking,Town And City,#4 (P1),#2 (P2),#3 (P2),#1 (P1),Chosen Stage,Final Destination,Lylat Cruise,Battlefield,Palutena,Wolf,No,,,,,
Chrom,Lucina,Striking,Town And City,#4 (P1),#3 (P2),#2 (P2),#1 (P1),Chosen Stage,Lylat Cruise,Yoshi's Island (Brawl),Battlefield,Chrom,Lucina,No,,,,,
Peach,Samus,Striking,Town And City,#3 (P2),#1 (P1),#2 (P2),#4 (P1),Chosen Stage,Lylat Cruise,Yoshi's Island (Brawl),Battlefield,Peach,Samus,No,,,,,
Pichu,Ganondorf,Striking,Town And City,#4 (P1),#2 (P2),#3 (P2),#1 (P1),Chosen Stage,Yoshi's Island (Brawl),Yoshi's Story,Battlefield,Pichu,Ganondorf,No,,,,,
Lucas,Donkey Kong,Striking,Town And City,#4 (P1),#1 (P1),#3 (P2),#2 (P2),Chosen Stage,Yoshi's Island (Brawl),Yoshi's Story,Battlefield,Lucas,Donkey Kong,No,,,,,
Captain Falcon,Pikachu,Striking,Town And City,#3 (P2),#2 (P2),#1 (P1),#3 (P2),Chosen Stage,Battlefield,Yoshi's Story,Final Destination,Pikachu,Fox,No,,,,,
Mewtwo,Pikachu,Striking,Town And City,#1 (P1),#2 (P2),#4 (P1),#3 (P2),Chosen Stage,Smashville,Lylat Cruise,Final Destination,Mewtwo,Pikachu,No,,,,,
Dr. Mario,Wario,Striking,Town And City,#4 (P1),#1 (P1),#2 (P2),#3 (P2),Chosen Stage,Battlefield,Yoshi's Story,Kalos Pokémon League,Simon Belmont,Wario,No,,,,,
Pichu,Donkey Kong,Striking,Town And City,#4 (P1),#3 (P2),#1 (P1),#2 (P2),Chosen Stage,Final Destination,Yoshi's Island (Brawl),Kalos Pokémon League,Pichu,Donkey Kong,No,,,,,
R.O.B.,Pichu,Striking,Town And City,#1 (P1),#2 (P2),#3 (P2),#2 (P2),Chosen Stage,Final Destination,Lylat Cruise,Kalos Pokémon League,Mii Gunner,Pichu,No,,,,,
R.O.B.,Pichu,Striking,Town And City,#1 (P1),#3 (P2),#4 (P1),#2 (P2),Chosen Stage,Final Destination,Lylat Cruise,Kalos Pokémon League,Mii Gunner,Pichu,No,,,,,
Pikachu,Snake,Striking,Town And City,#1 (P1),#2 (P2),#4 (P1),#3 (P2),Chosen Stage,Pokémon Stadium 2,Battlefield,Kalos Pokémon League,Pikachu,Snake,No,,,,,
Captain Falcon,Lucas,Striking,Town And City,#1 (P1),#2 (P2),#3 (P2),#4 (P1),Chosen Stage,Smashville,Final Destination,Kalos Pokémon League,Captain Falcon,Lucas,No,,,,,
Ridley,Donkey Kong,Striking,Town And City,#2 (P2),#4 (P1),#3 (P2),#1 (P1),Chosen Stage,Yoshi's Island (Brawl),Yoshi's Story,Kalos Pokémon League,Ridley,Donkey Kong,No,,,,,
Lucas,Fox,Striking,Town And City,#2 (P2),#1 (P1),#4 (P1),#3 (P2),Chosen Stage,Battlefield,Yoshi's Story,Lylat Cruise,Lucas,Fox,No,,,,,
R.O.B.,Piranha Plant,Striking,Town And City,#2 (P2),#2 (P2),#3 (P2),#1 (P1),Chosen Stage,Final Destination,Kalos Pokémon League,Lylat Cruise,Pokemon Trainer,Piranha Plant,No,,,,,
R.O.B.,Piranha Plant,Striking,Town And City,#2 (P2),#1 (P1),#4 (P1),#3 (P2),Chosen Stage,Final Destination,Kalos Pokémon League,Lylat Cruise,Pokemon Trainer,Piranha Plant,No,,,,,
Zero Suit Samus,Yoshi,Striking,Town And City,#3 (P2),#2 (P2),#4 (P1),#1 (P1),Chosen Stage,Yoshi's Island (Brawl),Kalos Pokémon League,Lylat Cruise,Zero Suit Samus,Yoshi,No,,,,,
Pichu,Ike,Striking,Town And City,#2 (P2),#4 (P1),#1 (P1),#3 (P2),Chosen Stage,Battlefield,Yoshi's Island (Brawl),Pokémon Stadium 2,Pichu,Ike,No,,,,,
Ridley,Donkey Kong,Striking,Town And City,#1 (P1),#2 (P2),#3 (P2),#4 (P1),Chosen Stage,Battlefield,Yoshi's Island (Brawl),Pokémon Stadium 2,Mewtwo,Donkey Kong,No,,,,,
Samus,Pokemon Trainer,Striking,Town And City,#4 (P1),#2 (P2),#3 (P2),#1 (P1),Chosen Stage,Final Destination,Lylat Cruise,Pokémon Stadium 2,Samus,Pokemon Trainer,No,,,,,
Pikachu,Bowser,Striking,Town And City,#3 (P2),#1 (P1),#4 (P1),#2 (P2),Chosen Stage,Final Destination,Kalos Pokémon League,Pokémon Stadium 2,Pikachu,Bowser,No,,,,,
Fox,Luigi,Striking,Town And City,#2 (P2),#4 (P1),#1 (P1),#3 (P2),Chosen Stage,Final Destination,Yoshi's Island (Brawl),Pokémon Stadium 2,Fox,Luigi,No,,,,,
Yoshi,Lucina,Striking,Town And City,#1 (P1),#4 (P1),#2 (P2),#3 (P2),Chosen Stage,Final Destination,Kalos Pokémon League,Pokémon Stadium 2,Palutena,Lucina,No,,,,,
Mario,Ness,Striking,Town And City,#3 (P2),#1 (P1),#4 (P1),#2 (P2),Chosen Stage,Lylat Cruise,Kalos Pokémon League,Pokémon Stadium 2,Mario,Ness,No,,,,,
Peach,Pichu,Striking,Town And City,#3 (P2),#1 (P1),#4 (P1),#2 (P2),Chosen Stage,Lylat Cruise,Yoshi's Island (Brawl),Pokémon Stadium 2,Peach,Pichu,No,,,,,
Palutena,Donkey Kong,Striking,Town And City,#4 (P1),#1 (P1),#3 (P2),#2 (P2),Chosen Stage,Smashville,Yoshi's Island (Brawl),Pokémon Stadium 2,Palutena,Donkey Kong,No,,,,,
Lucario,Donkey Kong,Striking,Town And City,#3 (P2),#1 (P1),#2 (P2),#4 (P1),Chosen Stage,Smashville,Final Destination,Pokémon Stadium 2,Lucario,Donkey Kong,No,,,,,
Palutena,Bowser,Striking,Town And City,#4 (P1),#3 (P2),#1 (P1),#2 (P2),Chosen Stage,Final Destination,Yoshi's Story,Smashville,Palutena,Bowser,No,,,,,
Bowser Jr.,R.O.B.,Striking,Town And City,#2 (P2),#1 (P1),#4 (P1),#3 (P2),Chosen Stage,Lylat Cruise,Yoshi's Island (Brawl),Smashville,Bowser Jr.,R.O.B.,No,,,,,
Palutena,Palutena,Striking,Town And City,#4 (P1),#3 (P2),#2 (P2),#1 (P1),Chosen Stage,Yoshi's Island (Brawl),Kalos Pokémon League,Smashville,Palutena,Ike,No,,,,,
Bayonetta,Wolf,Striking,Town And City,#1 (P1),#2 (P2),#3 (P2),#4 (P1),Chosen Stage,,,Smashville,Bayonetta,Ness,No,,,,,
Samus,Ness,Striking,Town And City,#1 (P1),#2 (P2),#3 (P2),#4 (P1),Chosen Stage,Battlefield,Yoshi's Island (Brawl),Town And City,Samus,Ness,No,,,,,
Meta Knight,Marth,Striking,Town And City,#2 (P2),#1 (P1),#3 (P2),#4 (P1),Chosen Stage,Final Destination,Kalos Pokémon League,Town And City,Meta Knight,Marth,No,,,,,
Ridley,Olimar,Striking,Town And City,#1 (P1),#4 (P1),#2 (P2),#3 (P2),Chosen Stage,Pokémon Stadium 2,Battlefield,Town And City,Ridley,Olimar,No,,,,,
Inkling,Samus,Striking,Town And City,#3 (P2),#1 (P1),#2 (P2),#4 (P1),Chosen Stage,Lylat Cruise,Kalos Pokémon League,Yoshi's Island (Brawl),Inkling,Samus,No,,,,,
King Dedede,Pokemon Trainer,Striking,Town And City,#3 (P2),#4 (P1),#2 (P2),#1 (P1),Chosen Stage,Final Destination,Lylat Cruise,Yoshi's Story,King Dedede,Pokemon Trainer,No,,,,,
Pichu,Ness,Striking,Town And City,#4 (P1),#3 (P2),#2 (P2),#1 (P1),Chosen Stage,Battlefield,Lylat Cruise,,Pichu,Ness,No,,,,,
Ness,Dr. Mario,Striking,Town And City,#3 (P2),#2 (P2),#4 (P1),#1 (P1),Chosen Stage,Battlefield,Final Destination,,Ness,Dr. Mario,No,,,,,
Donkey Kong,King Dedede,Striking,Town And City,#3 (P2),#1 (P1),#2 (P2),#4 (P1),Chosen Stage,Smashville,Kalos Pokémon League,,Donkey Kong,King Dedede,No,,,,,
R.O.B.,Snake,Striking,Town And City,#3 (P2),#2 (P2),#4 (P1),#1 (P1),Chosen Stage,Final Destination,Yoshi's Island (Brawl),Battlefield,R.O.B.,Snake,Yes,Final Destination,Yoshi's Story,,R.O.B.,Captain Falcon
Wolf,Link,Striking,Town And City,#3 (P2),#2 (P2),#4 (P1),#1 (P1),Chosen Stage,Lylat Cruise,Yoshi's Island (Brawl),Battlefield,Wolf,Link,Yes,Pokémon Stadium 2,Smashville,,Wolf,Link
Roy,Lucina,Striking,Town And City,#2 (P2),#1 (P1),#4 (P1),#3 (P2),Chosen Stage,Smashville,Lylat Cruise,Battlefield,Roy,Lucina,Yes,Final Destination,Kalos Pokémon League,,Roy,Lucina
Donkey Kong,Lucina,Striking,Town And City,#4 (P1),#3 (P2),#1 (P1),#2 (P2),Chosen Stage,Battlefield,Yoshi's Story,Final Destination,Wolf,Lucina,Yes,Lylat Cruise,Yoshi's Story,,Wolf,Lucina
Donkey Kong,Lucina,Striking,Town And City,#4 (P1),#3 (P2),#1 (P1),#2 (P2),Chosen Stage,Battlefield,Yoshi's Story,Final Destination,Wolf,Lucina,Yes,Lylat Cruise,Yoshi's Story,,Wolf,Lucina
Snake,R.O.B.,Striking,Town And City,#3 (P2),#1 (P1),#2 (P2),#4 (P1),Chosen Stage,Yoshi's Island (Brawl),Yoshi's Story,,Snake,Young Link,Yes,Final Destination,Town And City,,Snake,R.O.B.
Shulk,Dark Pit,,,,,,,,Smashville,Kalos Pokémon League,Final Destination,Wario,Dark Pit,No,,,,,
Snake,Piranha Plant,,,,,,,,Yoshi's Island (Brawl),Kalos Pokémon League,Kalos Pokémon League,Snake,Piranha Plant,No,,,,,
Fox,Cloud,,,,,,,,Battlefield,Final Destination,,Fox,Cloud,No,,,,,
Mr. Game & Watch,Pokemon Trainer,,,,,,,,Town And City,Lylat Cruise,,Mr. Game & Watch,Pokemon Trainer,No,,,,,
Pichu,Ness,,,,,,,,,,,Inkling,Ness,No,,,,,
Pokemon Trainer,Falco,,,,,,,,Lylat Cruise,Yoshi's Island (Brawl),,Pokemon Trainer,Falco,Yes,Final Destination,Town And City,,Pokemon Trainer,Falco
Cloud,Pit,,,,,,,,,,,Wolf,Pit,Yes,,,,Cloud,Pit